0.0232075,-0.0025035751,0.115052,0.192934,-0.138217
0.0347617,0.0064797998,0.126284,0.206211,-0.123687
-0.0686615,0.0097595948,0.0253449,0.103301,-0.214652
0.0343671,0.0076404471,0.126033,0.197528,-0.117778
0.0357049,0.0038195763,0.126054,0.198482,-0.121056
0.0434391,-7.9684476314894E-005,0.134896,0.210602,-0.115066
0.0411611,-0.0049255035,0.132849,0.203303,-0.120335
0.0739324,-0.0100615565,0.164785,0.233729,-0.0814284
0.0114084,-0.0166776412,0.106899,0.18864,-0.150511
0.0314054,-0.0130421043,0.125825,0.210277,-0.1179
-4.02033E-005,0.001843832,0.0936328,0.189334,-0.152853
0.0221145,0.0126447955,0.114188,0.200495,-0.128308
0.0101876,0.0112901397,0.103264,0.194525,-0.147512
0.00890532,0.0112584376,0.102297,0.191132,-0.152219
0.11689,0.0065446616,0.208035,0.291539,-0.0402656
-0.0151777,0.0003494934,0.0761968,0.172988,-0.171006
0.0685802,-0.0084349157,0.160441,0.242829,-0.0899507
-0.00118175,-0.0032690588,0.089416,0.175869,-0.157778
0.0331102,0.0124449248,0.124827,0.215075,-0.132467
-0.0151634,0.0178769841,0.0748394,0.166215,-0.174505
0.0209664,0.0110517307,0.114435,0.218168,-0.146121
-0.0213444,0.0065000209,0.0679677,0.153851,-0.180464
-0.00416318,0.0065786637,0.088109,0.182434,-0.171387
-0.0550929,0.0063694735,0.0351061,0.123233,-0.205193
-0.105943,0.0064868998,-0.0120795,0.0825379,-0.263776
0.103364,0.0026824164,0.196301,0.29871,-0.0588528
0.0900217,0.0017533889,0.184574,0.288842,-0.0744957
0.0770108,0.0073572991,0.172219,0.277201,-0.0870584
-0.000294805,0.0037826339,0.0975885,0.215804,-0.16395
-0.039402,0.0013816256,0.0597968,0.173164,-0.19864
-0.107461,0.0044914767,0.00111535,0.111275,-0.311432
-0.131738,0.0030789708,-0.0237292,0.0842048,-0.347774
0.0835679,-0.00165291,0.183362,0.315088,-0.0797575
0.0329534,-0.0130659332,0.129154,0.245851,-0.120751
-0.0600741,-0.0141630178,0.0367663,0.136942,-0.20974
-0.0128864,0.000832454,0.0768509,0.179899,-0.168758
-0.126117,0.0062139992,-0.0251434,0.0561619,-0.309749
0.0101688,0.0053829373,0.109777,0.219331,-0.158323
-0.141492,0.0064720712,-0.0393772,0.0471796,-0.307183
0.167521,0.0078440315,0.261065,0.331787,0.0131304
0.0405995,0.0041809086,0.125305,0.17098,-0.1163
0.0120565,0.0033743652,0.0909351,0.128004,-0.164949
0.12083,-0.0002275292,0.198842,0.222096,-0.023526
-0.0110207,-0.001085047,0.0681163,0.098031,-0.148296
0.0962226,-0.0080058991,0.172231,0.184164,-0.0528068
0.0183324,-0.0102316955,0.0888097,0.105679,-0.125525
0.0287043,-0.0061229776,0.104887,0.130168,-0.107345
0.00361416,0.0038006596,0.0799703,0.102619,-0.135006
-0.141671,0.0059035768,-0.0711524,-0.0517847,-0.29081
-0.150363,0.0087367467,-0.0847529,-0.0775518,-0.316128
-0.000896692,0.0127853898,0.0619148,0.0635,-0.148011
0.0929917,0.0133274519,0.151399,0.1497,-0.0485967
0.0904637,0.0122906055,0.14976,0.148034,-0.0511963
0.105615,0.0102272844,0.165193,0.16761,-0.03494
0.111163,-5.61116059351703E-005,0.173186,0.178517,-0.0309732
0.0976494,-0.0097204276,0.155148,0.153985,-0.0413133
0.0896406,-0.018883586,0.149051,0.146306,-0.0500649
0.126566,-0.0179634693,0.188224,0.187432,-0.0142796
0.0160877,-0.0156325589,0.0753969,0.0834833,-0.125055
0.0351344,-0.0143683143,0.0915959,0.0927744,-0.101883
0.00774696,-0.007394646,0.0638921,0.0642516,-0.126796
0.0629866,-0.0034268987,0.119352,0.124599,-0.0683954
0.0105274,-0.0022564602,0.0682586,0.067827,-0.125359
0.0922553,0.0065407532,0.145737,0.138765,-0.0438984
0.128208,0.0022649534,0.182183,0.166155,-0.005137
0.11089,0.0002507966,0.164643,0.148364,-0.0228771
0.0653194,-0.003577785,0.121385,0.114514,-0.0684965
0.105469,-0.0118595174,0.158922,0.144354,-0.0277723
0.0989802,-0.0210206133,0.152763,0.145056,-0.0347086
0.0785764,-0.0248363521,0.132918,0.127961,-0.0532118
0.0964605,-0.0247610405,0.152079,0.150151,-0.0348386
0.0923323,-0.0185301735,0.148195,0.146476,-0.0424331
0.0389542,-0.0161255846,0.0948123,0.0975344,-0.0908772
0.218719,-0.0133961576,0.264553,0.243973,0.0940914
0.0739716,-0.0134917199,0.126331,0.109245,-0.0605538
0.122041,-0.0124827253,0.172295,0.136265,-0.0106017
0.19172,-0.0143764131,0.240473,0.222591,0.0641524
0.140807,-0.022657669,0.195528,0.174874,0.012845
0.0921862,-0.031045757,0.146317,0.136792,-0.0299531
0.131642,-0.032300293,0.184006,0.162177,0.00911048
0.0826174,-0.0482546122,0.132288,0.10695,-0.0387023
0.0590056,-0.0531570691,0.109418,0.0928917,-0.060824
0.107937,-0.0556947343,0.155774,0.137943,-0.00998625
0.0884233,-0.0521573119,0.141426,0.127953,-0.0341061
0.00543931,-0.0508517805,0.0553834,0.0444156,-0.107237
0.123429,-0.0507589718,0.175238,0.148218,0.00150451
0.105818,-0.0427544725,0.155252,0.128201,-0.0168276
0.142045,-0.0297707128,0.184402,0.142457,0.0128557
0.224443,-0.0205761623,0.265482,0.237488,0.108945
0.19065,-0.0150195492,0.233114,0.210919,0.0769558
0.20581,-0.0101188148,0.248372,0.227342,0.0930388
0.113579,-0.0056599803,0.164044,0.141149,-0.0054985
0.109177,-0.000649349,0.14905,0.111629,-0.013427
0.195497,0.0056919819,0.234109,0.198943,0.0787264
0.260454,0.0091577941,0.301115,0.284418,0.146469
0.194448,0.0078889178,0.237845,0.218516,0.074064
0.0971597,0.0104996607,0.147238,0.12135,-0.0252676
0.15204,0.020355935,0.201271,0.172247,0.0249709
0.133007,0.0218335322,0.186156,0.156672,0.00836712
0.0700108,0.0185869286,0.122216,0.104479,-0.0552297
0.117278,0.0215945613,0.166406,0.137721,-0.0074845
0.0777093,0.0153918823,0.127584,0.117142,-0.0454307
0.120857,0.0021631023,0.166865,0.142469,-0.00369522
0.0783226,-0.0101687937,0.126727,0.106636,-0.0412868
0.0301963,-0.0151938941,0.0827265,0.0781321,-0.083318
0.0453394,-0.0124797392,0.098401,0.100971,-0.0701301
0.117641,-0.0088642353,0.172075,0.156048,-0.00231385
0.10838,-0.002790422,0.157856,0.146296,-0.0146984
0.108145,-0.0016356307,0.159631,0.154582,-0.0132927
0.198722,0.0034616022,0.247228,0.227447,0.0824215
0.0548939,0.0046785305,0.109973,0.120588,-0.0634416
0.0879979,-0.0013881666,0.143613,0.148379,-0.0345165
0.0724803,2.64818886881619E-005,0.124372,0.105746,-0.0493841
0.125723,-0.0016967757,0.173039,0.149875,0.00509191
0.113591,-0.0039771616,0.168207,0.160261,-0.00419843
0.114854,-0.0094095987,0.169605,0.147961,-0.00557813
0.0934501,-0.0074989181,0.145687,0.133702,-0.0259468
0.0956917,-0.0063380366,0.150865,0.128105,-0.0237483
0.218607,-0.0005973409,0.27189,0.251614,0.102536
0.20465,-0.0022404888,0.257799,0.241815,0.0884972
0.159389,0.0009738875,0.210146,0.192323,0.0434862
0.0717237,0.0096020894,0.124968,0.125697,-0.0403343
0.063083,0.0228796023,0.117814,0.131967,-0.0497502
0.105219,0.0196356382,0.161783,0.154471,-0.0100502
0.0205238,0.0218212995,0.0794433,0.10078,-0.0905803
-0.0373694,0.0139750562,0.0117083,0.0376559,-0.152242
-0.0566918,0.0061955803,-0.00294518,0.0245783,-0.168599
-0.116961,-0.0030120682,-0.0623798,-0.0148327,-0.226346
-0.154575,-0.0001703294,-0.105978,-0.0589579,-0.248237
-0.193559,0.002709969,-0.14687,-0.0962168,-0.262609
-0.11187,-0.0013854689,-0.0560131,0.00104257,-0.218705
-0.202954,-0.0001032326,-0.154866,-0.0846092,-0.289716
-0.235178,-0.0027019732,-0.175893,-0.100071,-0.354273
-0.207667,-0.0049539771,-0.150066,-0.0759515,-0.314334
-0.126351,-0.0085577268,-0.0752722,-0.0312975,-0.233299
-0.234757,-0.0059689158,-0.184871,-0.111097,-0.322784
-0.184546,0.0004388679,-0.134873,-0.0713326,-0.262993
-0.239239,0.0039669951,-0.188101,-0.117762,-0.324507
-0.153025,-0.001409688,-0.0965742,-0.028362,-0.250552
-0.141979,-0.0034399238,-0.0859533,-0.0184162,-0.24281
-0.140811,-0.0050485441,-0.0847056,-0.0208364,-0.24572
-0.124064,-0.0068291356,-0.063027,0.0129979,-0.239122
-0.231305,-0.0042208597,-0.179231,-0.109564,-0.324138
-0.230948,-0.0061077096,-0.180536,-0.116959,-0.297746
-0.276017,-0.0074122166,-0.225948,-0.161569,-0.347989
-0.159362,0.0099200645,-0.0832047,-0.00988171,-0.306598
-0.248348,0.0149938008,-0.201049,-0.120261,-0.340231
-0.209424,0.0127487162,-0.147484,-0.069184,-0.320545
-0.285278,0.0126616249,-0.210001,-0.130425,-0.369979
-0.341261,0.0050789951,-0.293415,-0.218729,-0.417498
-0.610748,-0.0029072383,-0.521082,-0.353679,-0.721081
-0.56604,-0.0083509734,-0.484543,-0.330427,-0.669582
-0.563927,-0.0142696463,-0.479474,-0.346694,-0.655042
-0.674638,-0.0246149543,-0.580004,-0.402474,-0.767004
-0.679851,-0.0362472236,-0.582043,-0.385519,-0.790876
-0.625312,-0.0586401454,-0.53546,-0.359385,-0.736288
-0.74349,-0.0853054171,-0.636625,-0.420079,-0.865714
-0.486426,-0.1083838676,-0.405967,-0.21224,-0.58457
-0.540281,-0.1512761439,-0.446515,-0.207486,-0.652614
-0.495812,-0.2032103926,-0.411798,-0.220499,-0.596456
-0.513518,-0.2434018849,-0.427747,-0.253171,-0.613225
-0.469267,-0.2868700748,-0.38915,-0.222746,-0.566316
-0.513528,-0.3421323207,-0.427664,-0.269722,-0.614486
-0.585491,-0.3870001649,-0.483564,-0.255698,-0.701049
-0.699829,-0.441423336,-0.601123,-0.396775,-0.815558
-0.891919,-0.5093918898,-0.782933,-0.559711,-0.992145
-0.88536,-0.588792893,-0.778916,-0.569229,-0.998836
-0.861924,-0.6567329986,-0.762113,-0.556707,-0.967784
-0.816574,-0.745340103,-0.716014,-0.522803,-0.920392
-0.870566,-0.8312278316,-0.766641,-0.554396,-0.971378
-0.996609,-0.9125858748,-0.894109,-0.703537,-1.09049
-0.903494,-0.9660886173,-0.79744,-0.614094,-1.0118
-0.870436,-0.9905772378,-0.760033,-0.574385,-0.976702
-0.823998,-0.9943006575,-0.715338,-0.53543,-0.94337
-0.797005,-0.9852933604,-0.692495,-0.509285,-0.926069
-0.925492,-0.9630931911,-0.817364,-0.622383,-1.06782
-0.916998,-0.932879973,-0.813468,-0.61542,-1.07213
-0.999941,-0.9065208575,-0.920465,-0.725091,-1.13137
-1.14393,-0.893442203,-1.07326,-0.873387,-1.27273
-1.05325,-0.8882860867,-0.983141,-0.784348,-1.18021
-0.920063,-0.889250111,-0.853307,-0.666188,-1.06648
-0.967979,-0.9002310128,-0.903311,-0.730368,-1.12041
-0.95779,-0.9102377383,-0.907984,-0.751053,-1.09391
-1.00163,-0.9160579633,-0.957897,-0.8015,-1.13687
-0.931317,-0.9321803384,-0.892956,-0.726664,-1.06377
-0.931816,-0.9493443074,-0.894635,-0.731552,-1.0725
-0.919182,-0.9554310425,-0.879222,-0.708779,-1.04421
-0.911183,-0.9584680683,-0.877357,-0.675436,-1.03808
-0.876926,-0.9588829567,-0.841197,-0.632501,-1.01682
-0.911799,-0.9581549077,-0.882773,-0.681164,-1.06796
-0.938218,-0.9628256628,-0.911472,-0.692339,-1.09997
-0.957417,-0.9507387532,-0.935018,-0.710523,-1.11206
-1.01614,-0.9378831046,-0.997785,-0.761095,-1.18126
-1.03012,-0.9268132201,-1.01581,-0.773978,-1.18741
-1.29749,-0.9089840991,-1.285,-1.02011,-1.47251
-1.21365,-0.903487818,-1.2076,-0.953255,-1.39254
-1.19462,-0.8934914284,-1.19352,-0.94068,-1.3684
-1.07592,-0.8782397566,-1.07978,-0.827703,-1.24742
-1.02928,-0.891696521,-1.03667,-0.790267,-1.20097
-1.04068,-0.9004939588,-1.0514,-0.823757,-1.19835
-0.965816,-0.9119534432,-0.980838,-0.762532,-1.13012
-0.987497,-0.9239812624,-1.00205,-0.807678,-1.13421
-1.1261,-0.9245473448,-1.14458,-0.945309,-1.26598
-1.12393,-0.9355808491,-1.14137,-0.963974,-1.24946
-1.092,-0.9398717918,-1.1158,-0.932887,-1.22817
-1.13774,-0.934646489,-1.16404,-0.975602,-1.28269
-1.11148,-0.9320493618,-1.13884,-0.962373,-1.24927
-1.05484,-0.9294229047,-1.08602,-0.910172,-1.1968
-1.01308,-0.9230100475,-1.04779,-0.873975,-1.15935
-0.980198,-0.911934955,-1.01904,-0.840309,-1.13439
-0.974265,-0.8896982638,-1.01708,-0.821157,-1.14479
-0.971433,-0.8654229212,-1.02809,-0.810851,-1.15494
-0.923051,-0.8208660452,-0.974898,-0.783964,-1.09207
-0.907849,-0.7791005952,-0.966331,-0.779721,-1.07231
-0.882888,-0.7420375094,-0.957257,-0.754805,-1.09316
-0.853563,-0.702858848,-0.933362,-0.733205,-1.08482
-0.831495,-0.6637696305,-0.915821,-0.711801,-1.06298
-0.764886,-0.6005918821,-0.850917,-0.659035,-0.999299
-0.765828,-0.5442909497,-0.858199,-0.662447,-1.006
-0.725578,-0.4850522314,-0.822851,-0.626109,-0.974104
-0.737564,-0.4172157223,-0.836126,-0.63959,-0.967341
-0.641235,-0.3339327241,-0.744787,-0.548553,-0.907435
-0.504629,-0.2578902363,-0.600375,-0.42336,-0.784869
-0.430811,-0.1687376158,-0.519004,-0.354822,-0.715463
-0.403255,-0.0642315725,-0.496586,-0.327277,-0.694142
-0.405418,0.0073094448,-0.503655,-0.325859,-0.697791
-0.356055,0.0460293534,-0.443603,-0.276942,-0.637412
-0.302739,0.0727307417,-0.410697,-0.20075,-0.603747
-0.317731,0.0793671933,-0.435156,-0.190855,-0.633678
-0.128325,0.0528522152,-0.279353,-0.0439991,-0.485574
-0.113494,0.0334479408,-0.246103,-0.0295508,-0.44412
-0.0135249,0.0174502361,-0.125351,0.0645524,-0.375297
-0.117572,-0.0032839349,-0.248831,-0.0335945,-0.458699
-0.0995287,-0.0118951077,-0.233731,-0.0226796,-0.479715
-0.111068,-0.0125571243,-0.231762,-0.0379843,-0.457289
-0.151366,-0.0129359599,-0.305285,-0.077491,-0.516656
-0.21454,-0.0109232617,-0.359938,-0.122231,-0.561999
-0.199563,-0.0035817807,-0.336274,-0.12031,-0.54019
-0.158815,-0.0000894,-0.295114,-0.0891617,-0.509942
-0.168391,0.0014892369,-0.269603,-0.103494,-0.45856
-0.142946,-0.0048967876,-0.22938,-0.0847371,-0.409423
-0.196365,-0.0054163325,-0.271341,-0.139845,-0.44442
-0.145782,-0.0046362049,-0.235867,-0.0834228,-0.452267
-0.170295,-0.000930124,-0.258625,-0.107614,-0.475296
-0.203468,-6.98528703911431E-005,-0.271057,-0.143284,-0.475309
-0.254191,-0.0030239192,-0.326136,-0.19555,-0.52837
-0.245833,-0.0094336248,-0.301295,-0.194861,-0.498526
-0.263383,-0.0115070771,-0.315829,-0.218292,-0.503136
-0.267754,-0.0154860882,-0.313767,-0.230097,-0.503319
-0.291033,-0.0131496089,-0.3368,-0.254695,-0.525237
-0.274168,-0.0149158212,-0.31718,-0.242901,-0.505953
-0.326355,-0.0110405849,-0.373898,-0.266059,-0.554719
-0.376299,-0.007710051,-0.435231,-0.30198,-0.623837
-0.362747,-0.009237462,-0.415219,-0.292642,-0.603789
-0.350066,-0.0030637915,-0.397471,-0.28288,-0.584499
-0.352219,0.0062339627,-0.40291,-0.280823,-0.597065
-0.307955,0.021978442,-0.356267,-0.263049,-0.553022
-0.261893,0.0245763133,-0.31914,-0.227125,-0.534976
-0.263296,0.0332638232,-0.325228,-0.225178,-0.54054
-0.263081,0.025462148,-0.314791,-0.229931,-0.520965
-0.261391,0.0186550253,-0.296759,-0.242876,-0.504869
-0.296213,0.0067401447,-0.336843,-0.264319,-0.541041
-0.243915,-0.0081364541,-0.292117,-0.215704,-0.525367
-0.241211,-0.0197051421,-0.278783,-0.220701,-0.528892
-0.228321,-0.0257201932,-0.255265,-0.202179,-0.483624
-0.290609,-0.0136465625,-0.324129,-0.263267,-0.560728
-0.28739,-0.0042190697,-0.320563,-0.264576,-0.560138
-0.281785,0.0020963957,-0.317811,-0.262352,-0.570252
-0.303169,0.0003965372,-0.334956,-0.269666,-0.56735
-0.272053,-0.001895665,-0.303765,-0.263244,-0.541647
-0.278015,-0.0052249694,-0.30822,-0.264576,-0.544249
-0.265106,-0.0094498065,-0.29972,-0.259859,-0.550174
-0.298568,-0.0102405899,-0.334709,-0.261228,-0.58978
-0.280407,-0.0125108266,-0.313193,-0.263721,-0.55564
-0.336857,-0.0159876765,-0.373669,-0.299518,-0.591511
-0.32572,-0.0147298921,-0.362093,-0.289246,-0.588203
-0.31407,0.0002520028,-0.347911,-0.278982,-0.584882
-0.336467,0.0101579504,-0.364441,-0.307062,-0.587501
-0.291634,0.0162553574,-0.313233,-0.271021,-0.542919
-0.280063,0.0191424494,-0.305855,-0.262476,-0.543569
-0.265952,0.0110006696,-0.282729,-0.261281,-0.5138
-0.25946,0.0116488014,-0.265471,-0.249345,-0.49624
-0.25546,0.0127840143,-0.264576,-0.249317,-0.482881
-0.262072,0.003797723,-0.264576,-0.259389,-0.485368
-0.255408,-0.0062406084,-0.264576,-0.245096,-0.473158
-0.245104,-0.0059439846,-0.263426,-0.230029,-0.464588
-0.271433,0.000209257,-0.295957,-0.260369,-0.534682
-0.309359,0.0045772529,-0.334032,-0.276437,-0.562012
-0.296914,-0.0021816079,-0.325001,-0.267581,-0.558336
-0.250995,-0.0065255202,-0.264576,-0.232,-0.500805
-0.249004,-0.0054392574,-0.264576,-0.230734,-0.49368
-0.229437,-0.0060344708,-0.248802,-0.205901,-0.494344
-0.239501,-0.0092364194,-0.26364,-0.211782,-0.528816
-0.299552,-0.0086877642,-0.335498,-0.25384,-0.596212
-0.227312,-0.0071082937,-0.251757,-0.19212,-0.502844
-0.246944,-0.0086529831,-0.305828,-0.204323,-0.578821
-0.235466,-0.0073436966,-0.273361,-0.20097,-0.544131
-0.3037,0.0071627029,-0.349728,-0.232859,-0.624259
-0.180066,0.0219506712,-0.211851,-0.135152,-0.490147
-0.192035,0.0130512796,-0.216753,-0.156063,-0.452565
-0.135858,0.0120737809,-0.157474,-0.0952691,-0.404171
-0.198668,-0.0011826716,-0.222898,-0.159873,-0.45745
-0.137727,-0.017613927,-0.149195,-0.116453,-0.34226
-0.13149,-0.0269394975,-0.153037,-0.0916745,-0.408458
-0.131009,-0.0318484246,-0.150985,-0.0883805,-0.410765
-0.144,-0.0352346945,-0.162216,-0.100909,-0.411202
-0.134457,-0.0280008054,-0.164316,-0.085403,-0.474013
-0.148949,-0.0171806302,-0.168272,-0.104537,-0.428663
-0.137974,-0.0041985902,-0.158427,-0.092995,-0.43258
-0.12117,0.0008518504,-0.138887,-0.0794211,-0.391991
-0.0571476,0.0036365635,-0.076187,-0.0215881,-0.343802
-0.0100127,0.0062857158,-0.0463732,0.033886,-0.406414
0.0433249,0.004065605,0.0011211,0.0942567,-0.388196
0.0481024,-0.0008137103,-0.00476062,0.104856,-0.410225
0.101104,-0.0027204252,0.0458909,0.158163,-0.390847
0.0850342,-0.0088516762,0.0301013,0.143207,-0.401716
0.0733685,-0.0170596473,0.022371,0.128305,-0.379576
0.0599238,-0.017520309,0.00797623,0.116502,-0.388936
0.177789,-0.0153788272,0.117365,0.237309,-0.314472
0.100434,-0.0066159496,0.0444284,0.159302,-0.37046
0.133786,0.0205951992,0.0766268,0.192958,-0.329957
0.184435,0.05319001,0.124497,0.242409,-0.260034
0.186488,0.0712934863,0.122503,0.245774,-0.2832
0.20432,0.0561499637,0.144262,0.26522,-0.229127
0.37559,0.0324453171,0.33888,0.414514,0.0853507
0.425555,0.00231498,0.392975,0.446656,0.161137
0.438838,-0.0159463291,0.404073,0.458903,0.160108
0.364641,-0.0111994881,0.328214,0.405717,0.0433938
0.229489,0.0023764333,0.170375,0.292953,-0.219501
0.214287,0.019406176,0.147328,0.279253,-0.27387
0.168607,0.0538872781,0.105295,0.22919,-0.305386
0.268611,0.0900665849,0.20433,0.332731,-0.155209
0.255245,0.1244783595,0.189889,0.318883,-0.154944
0.187166,0.1589927558,0.124842,0.244918,-0.238671
0.203141,0.1935164009,0.139813,0.260579,-0.227514
0.294007,0.2296380677,0.224979,0.352814,-0.146208
0.31271,0.2581024522,0.241256,0.370148,-0.136631
0.266298,0.2778124171,0.202308,0.325737,-0.134793
0.307313,0.299129435,0.24459,0.365758,-0.070775
0.358416,0.3259060059,0.287079,0.417459,-0.0371403
0.280531,0.352623006,0.208838,0.346317,-0.156487
0.422442,0.3752580659,0.345355,0.48317,0.00441411
0.335566,0.4004380377,0.26293,0.396783,-0.0870341
0.327726,0.4184532639,0.249997,0.395029,-0.113553
0.370761,0.4147791445,0.290029,0.438263,-0.0933428
0.393637,0.3936600686,0.315985,0.4585,-0.0387733
0.353168,0.3634150303,0.274043,0.425327,-0.10649
0.34649,0.3227787442,0.264538,0.423248,-0.165577
0.339275,0.2801574279,0.263762,0.41644,-0.151787
0.335338,0.2288336344,0.264115,0.41225,-0.132876
0.346526,0.1663745602,0.265308,0.429122,-0.16763
0.291688,0.1020897028,0.22085,0.378802,-0.223691
0.231955,0.0317495403,0.16947,0.32561,-0.223406
0.228088,-0.0211187773,0.159973,0.329015,-0.253575
0.108295,-0.041946604,0.03445,0.211443,-0.381667
0.11462,-0.0477811408,0.0389048,0.220871,-0.358041
-0.00479665,-0.044090564,-0.0972964,0.112324,-0.487936
0.0366489,-0.0249627513,-0.0445933,0.149474,-0.414732
-0.018315,-0.001542431,-0.0936105,0.0908167,-0.381155
-0.0335391,0.0101306747,-0.119498,0.0808237,-0.444637
0.0227107,0.0213004136,-0.0600497,0.133295,-0.400313
0.0468515,0.0253171635,-0.0361045,0.154083,-0.389275
0.0839297,0.0236032603,-0.00118735,0.191773,-0.398924
0.109768,0.0307460276,0.0261764,0.213224,-0.378155
0.0505129,0.0434839486,-0.0359164,0.155968,-0.423693
0.0716326,0.046457089,-0.0102727,0.174068,-0.373534
0.110753,0.0566252424,0.0256411,0.211785,-0.373334
0.103698,0.0780438412,0.0206048,0.203042,-0.360743
0.11793,0.0949241797,0.033505,0.215786,-0.350256
0.101902,0.0991716335,0.0164606,0.203419,-0.380912
0.158993,0.1165806505,0.0767435,0.251954,-0.315898
0.12389,0.1336173491,0.0394836,0.221737,-0.353003
0.1284,0.1529016881,0.0383886,0.227883,-0.389632
0.228931,0.1708417761,0.146263,0.318575,-0.214593
0.231725,0.2044230044,0.13925,0.322834,-0.288885
0.189387,0.2324332286,0.0983809,0.278769,-0.306437
0.246721,0.2575026104,0.169485,0.327419,-0.159031
0.214592,0.2861650992,0.129705,0.296114,-0.224425
0.331943,0.3166055361,0.245546,0.412448,-0.120385
0.29304,0.3223579635,0.214886,0.373064,-0.127573
0.234367,0.3159207971,0.146288,0.337569,-0.281579
0.264798,0.3076271774,0.175942,0.374516,-0.27435
0.18101,0.2856653041,0.0931761,0.295586,-0.389537
0.347627,0.2643626837,0.272955,0.444595,-0.113067
0.237421,0.2402298315,0.161777,0.353603,-0.27676
0.319185,0.2317857872,0.2491,0.41996,-0.145133
0.107974,0.2253795614,0.0367921,0.226213,-0.360834
0.0295984,0.2268104404,-0.0333355,0.148686,-0.372207
0.0819861,0.2206608329,0.0236006,0.196725,-0.322882
0.0580799,0.2123710777,0.00378186,0.17019,-0.313496
0.0506482,0.2063112594,0.00148731,0.154647,-0.266873
0.0678549,0.19714171,0.0216173,0.165019,-0.259162
0.0783052,0.1876013084,0.037433,0.170739,-0.241502
0.0883203,0.1833825509,0.0494737,0.174719,-0.231583
0.0241507,0.1734842049,-0.0141243,0.107325,-0.26403
0.0447238,0.1662106432,0.00833195,0.127631,-0.252092
0.0868307,0.1521610497,0.0513827,0.173279,-0.221942
0.0925588,0.1349841482,0.059,0.179626,-0.211646
0.134121,0.1051648533,0.102181,0.221208,-0.151115
0.0986408,0.0735154835,0.0690996,0.185995,-0.185559
0.0842156,0.0344575525,0.0564065,0.164764,-0.189804
0.0741294,0.0089658123,0.0476244,0.152586,-0.195435
0.0833127,-0.005517251,0.0587929,0.166076,-0.175475
0.0383202,-0.0161916851,0.0166633,0.112657,-0.212825
-0.0201259,-0.0149707998,-0.0400227,0.0532432,-0.261615
-0.0700987,-0.0119159066,-0.0916759,0.00692859,-0.264576
-0.0367755,-0.0130732893,-0.0589238,0.0389386,-0.260779
-0.0013597,-0.0135455862,-0.0250991,0.0696239,-0.237357
0.0135143,-0.0183496374,-0.0100462,0.0827809,-0.230404
0.0109577,-0.0164858241,-0.00915903,0.0735381,-0.220646
-0.0301577,-0.0070552044,-0.0541657,0.0436405,-0.25956
-0.0563053,-0.0040714313,-0.0819514,0.0221978,-0.268419
-0.111614,0.0021848001,-0.141806,-0.0229517,-0.298067
-0.0370216,0.0157000318,-0.0621602,0.0356829,-0.264576
-0.00369957,0.0150258504,-0.0306437,0.0746033,-0.261522
0.016142,0.0148386138,-0.0114076,0.0925061,-0.252445
0.0322781,0.0153149855,0.00496426,0.112047,-0.239133
0.0676055,0.0156048034,0.0409784,0.146868,-0.204058
0.105856,0.0100957327,0.0800198,0.184692,-0.161711
0.139659,0.0022015697,0.113973,0.225606,-0.122255
0.199607,-0.0038263233,0.173471,0.268675,-0.0533761
0.16726,-0.0097973288,0.141567,0.245436,-0.0872257
0.194713,-0.0080268785,0.168618,0.280313,-0.0661607
0.16068,-0.0028591075,0.13426,0.237102,-0.10397
0.19075,0.0010512708,0.164637,0.269459,-0.0689439
0.172263,0.0012797626,0.146217,0.250555,-0.0904497
0.161663,0.0042957707,0.135391,0.244156,-0.110491
0.168646,0.009350656,0.143269,0.246202,-0.0906786
0.171971,0.0103590145,0.146694,0.250305,-0.0915896
0.17579,0.0101666692,0.149907,0.259092,-0.0905952
0.130055,0.0087438721,0.104535,0.209895,-0.143394
0.17112,0.014018313,0.145341,0.252459,-0.102066
0.144957,0.02817691,0.118714,0.230397,-0.136947
0.142275,0.0500623582,0.11535,0.229707,-0.136039
0.168613,0.069537416,0.141637,0.257942,-0.10745
0.23583,0.0859614379,0.207868,0.322037,-0.0316905
0.250275,0.1017403321,0.222226,0.333893,-0.0203913
0.18893,0.1187693336,0.161477,0.288144,-0.0948722
0.177085,0.1298920709,0.150072,0.273174,-0.0998321
0.165154,0.1427384971,0.138577,0.270641,-0.113711
0.195606,0.1527515906,0.16942,0.303003,-0.0793448
0.222509,0.1560636315,0.196305,0.329308,-0.0524683
0.189941,0.1618143829,0.161871,0.313003,-0.107496
0.26137,0.1680261224,0.232593,0.376361,-0.0160009
0.262564,0.1892479706,0.234322,0.382957,-0.018404
0.227433,0.2045924345,0.201552,0.344783,-0.0518064
0.190501,0.2069923707,0.165723,0.307255,-0.0945301
0.14405,0.2008294616,0.119129,0.263486,-0.146944
0.241913,0.205941633,0.216121,0.36618,-0.0437603
0.207703,0.2171688753,0.183352,0.3279,-0.0723188
0.163684,0.2273169711,0.141563,0.275479,-0.117362
0.129469,0.2366272702,0.107939,0.236746,-0.144512
0.118603,0.2510099951,0.0956385,0.24016,-0.184827
0.138897,0.2641030004,0.114527,0.261116,-0.158709
0.0993037,0.2697208078,0.0767692,0.21264,-0.193387
0.14275,0.2728156304,0.121493,0.254682,-0.146489
0.137827,0.2710241834,0.114675,0.259472,-0.154977
0.114983,0.2797594316,0.0926762,0.237196,-0.180135
0.0650873,0.2663272686,0.0438798,0.187979,-0.237342
0.111601,0.2496019135,0.0907333,0.237907,-0.183369
0.120637,0.2276248863,0.100305,0.248021,-0.181713
0.123697,0.2004466544,0.104194,0.259094,-0.173195
0.110136,0.1682050942,0.093395,0.237582,-0.180937
0.133073,0.1401229625,0.117238,0.252845,-0.157995
0.0676668,0.1129571805,0.0528319,0.204225,-0.243107
0.00898302,0.0869968056,-0.00531229,0.149216,-0.309376
0.0408562,0.074057362,0.0282329,0.183034,-0.276805
0.0520814,0.0692816857,0.0412546,0.17565,-0.233788
0.0104013,0.069736384,0.000481099,0.123842,-0.262681
0.0353098,0.0664788106,0.0260397,0.154243,-0.257928
-0.0200343,0.0739998463,-0.0288338,0.105295,-0.300195
-0.0456162,0.0930313445,-0.0548526,0.0752064,-0.300109
-0.0593268,0.0997218363,-0.0679581,0.0640757,-0.31357
-0.077875,0.1192527898,-0.0868511,0.0439803,-0.320732
-0.0711703,0.1500120996,-0.0806723,0.048948,-0.311479
-0.087911,0.1817163844,-0.0981075,0.0320785,-0.320989
-0.0842165,0.2029181915,-0.0961464,0.0452657,-0.362125
-0.00333694,0.224054503,-0.0138608,0.114308,-0.294301
0.0181625,0.2451172033,0.00683552,0.135252,-0.284702
0.0553013,0.2651457938,0.043684,0.185512,-0.255062
0.0472931,0.2666564803,0.0370586,0.174002,-0.264284
0.0285875,0.2470238679,0.0206173,0.152875,-0.284253
0.0521125,0.2227390228,0.0463805,0.184334,-0.265963
0.0478482,0.198660257,0.0441396,0.182605,-0.237771
0.0764796,0.1613549792,0.0756688,0.219575,-0.213812
0.0957358,0.1159560748,0.0979243,0.24463,-0.201125
0.0114452,0.0678998275,0.0166703,0.159483,-0.252413
0.00171971,0.0321138342,0.00939977,0.136994,-0.269931
-0.181274,0.0074428233,-0.171504,-0.0217157,-0.360794
-0.103081,-0.0054408311,-0.0934937,0.0252928,-0.318225
-0.138827,-0.0086078256,-0.127874,-0.00114539,-0.353833
-0.191384,-0.018192723,-0.18115,-0.0455647,-0.370769
-0.238173,-0.0234344577,-0.228682,-0.0931046,-0.412182
-0.255993,-0.0200899621,-0.249987,-0.115102,-0.440429
-0.199219,-0.0100632338,-0.188334,-0.0599049,-0.384926
-0.196435,-0.0067379004,-0.185717,-0.0574827,-0.378094
-0.207976,0.0009976067,-0.198584,-0.0653069,-0.389967
-0.215273,0.0125873612,-0.205829,-0.0661837,-0.394645
-0.18364,0.0170706658,-0.172206,-0.0313089,-0.434488
-0.131193,0.0195734576,-0.119756,0.0102236,-0.382654
-0.00123516,0.0223258927,0.00878108,0.128831,-0.306545
-0.0769734,0.0205446997,-0.0641436,0.0722044,-0.375924
-0.000447482,0.0205605364,0.0100011,0.136106,-0.309386
0.0159308,0.0128605964,0.0270945,0.153604,-0.284185
0.0736355,0.0024817608,0.0860429,0.207045,-0.221525
0.0209633,-0.0017468336,0.0339305,0.161266,-0.273489
-0.0330293,0.0049211427,-0.0209254,0.0998878,-0.300311
-0.0431589,0.0144167795,-0.0312756,0.0892294,-0.304122
-0.0816381,0.0179380913,-0.0671329,0.0597769,-0.354223
-0.0979806,0.0256855939,-0.0831616,0.050107,-0.350066
-0.0766531,0.0378405323,-0.062212,0.0642751,-0.345819
-0.0328075,0.0483515725,-0.0194535,0.10261,-0.320862
-0.0694492,0.0640574587,-0.0547899,0.0749858,-0.352206
-0.0921887,0.0829904826,-0.0774803,0.0547408,-0.370951
-0.0173771,0.1011197542,-0.00409815,0.118198,-0.335465
-0.0658057,0.1258056085,-0.0498979,0.0836278,-0.373549
0.0171422,0.1531279913,0.0293737,0.15388,-0.295588
0.0278012,0.1812381428,0.0403193,0.162026,-0.273704
0.0875883,0.2037802897,0.100623,0.222429,-0.240702
0.108189,0.2181836638,0.121139,0.244146,-0.196738
0.150852,0.226432203,0.164957,0.291134,-0.161038
0.156713,0.2258826797,0.172135,0.300548,-0.152804
0.101528,0.2285409309,0.117901,0.242909,-0.215068
0.137234,0.2349673843,0.153342,0.26999,-0.167886
0.0744534,0.2421769947,0.0929773,0.210851,-0.243718
0.0662649,0.2457844366,0.0850671,0.200588,-0.256365
0.0850731,0.2402863244,0.105784,0.22634,-0.217257
0.0841582,0.2331204946,0.107725,0.224515,-0.224897
0.0783673,0.2256589308,0.105296,0.229971,-0.241911
0.0585732,0.2156900201,0.0881847,0.212432,-0.277446
0.0560623,0.2094981174,0.0885302,0.205621,-0.293638
0.0107115,0.2101271018,0.0436393,0.159646,-0.333611
-0.0973946,0.2084539497,-0.0581858,0.0672164,-0.393281
-0.046823,0.2009209556,-0.00374967,0.111852,-0.380822
-0.0141197,0.1926658176,0.0231881,0.131119,-0.337922
-0.0364473,0.1842935599,0.00624403,0.114659,-0.36169
-0.126678,0.1770160938,-0.0801396,0.0304033,-0.396763
-0.122557,0.1705315658,-0.0759395,0.0311429,-0.38231
-0.0205351,0.1711816692,0.019877,0.113171,-0.328381
-0.0743902,0.1688270848,-0.0317163,0.0736946,-0.356337
-0.0352722,0.1682428507,0.00438184,0.100752,-0.308748
-0.00486842,0.150267599,0.0382636,0.130553,-0.28863
0.021634,0.1283690976,0.0598899,0.141996,-0.217782
-0.0451883,0.1089617768,0.00485572,0.102493,-0.327251
0.00964776,0.0880875169,0.058373,0.152749,-0.295081
-0.11204,0.0692953213,-0.0572718,0.0419928,-0.351667
-0.0930558,0.0652511413,-0.0397482,0.0560994,-0.340903
-0.160127,0.0689316509,-0.0979123,0.00864252,-0.391554
-0.195952,0.0617220686,-0.130459,-0.0157276,-0.424878
-0.218621,0.0621963975,-0.15836,-0.0475248,-0.408303
-0.201688,0.0785702874,-0.137453,-0.0314166,-0.389334
-0.215528,0.1029819368,-0.152779,-0.0421335,-0.389767
-0.232708,0.1241939407,-0.17278,-0.0620612,-0.408121
-0.330718,0.1437423235,-0.260334,-0.128952,-0.494063
-0.261748,0.1665755417,-0.181513,-0.0527596,-0.464253
-0.198757,0.1869126728,-0.130843,-0.00782308,-0.419466
-0.129026,0.2006043524,-0.0641633,0.0469933,-0.362642
-0.127662,0.209224478,-0.0593754,0.0606109,-0.38155
-0.117788,0.2124731729,-0.0522127,0.0690198,-0.358934
-0.0434108,0.2113873837,0.01808,0.121544,-0.302534
-0.0580636,0.2080235185,0.0102981,0.117345,-0.326361
-0.0148561,0.1938090804,0.0436634,0.140543,-0.267329
-0.00779536,0.1844191078,0.0513109,0.144951,-0.254399
-0.13162,0.1738850517,-0.0568562,0.0607786,-0.355163
-0.143534,0.1656782808,-0.0698386,0.0332979,-0.355284
-0.0758143,0.1606097473,-0.00649989,0.0869723,-0.311424
-0.21787,0.1663893791,-0.140698,-0.0306241,-0.37746
-0.297372,0.1707640918,-0.218468,-0.102323,-0.420697
-0.330666,0.1740716604,-0.273631,-0.174731,-0.439829
-0.367164,0.1736431428,-0.313638,-0.217479,-0.477165
-0.355328,0.1722622057,-0.296437,-0.189112,-0.466054
-0.354629,0.1696881893,-0.295403,-0.183181,-0.463732
-0.369798,0.165812178,-0.310259,-0.192632,-0.484328
-0.324168,0.1534224688,-0.250864,-0.149123,-0.438249
-0.32641,0.1388755804,-0.260342,-0.166409,-0.423801
-0.314168,0.1226151567,-0.250009,-0.151041,-0.41454
-0.291317,0.1114745497,-0.221277,-0.117527,-0.401687
-0.311741,0.0953809666,-0.23961,-0.135345,-0.422632
-0.346172,0.0822133583,-0.278931,-0.178846,-0.445273
-0.373327,0.0724861185,-0.314344,-0.230619,-0.465991
-0.351063,0.0619095438,-0.28298,-0.186717,-0.444315
-0.356531,0.0379109387,-0.301472,-0.217394,-0.443416
-0.34971,0.0118690082,-0.293705,-0.230837,-0.427136
-0.338829,-0.0080902465,-0.279905,-0.212514,-0.409368
-0.366005,-0.0281704968,-0.304572,-0.223629,-0.436977
-0.418176,-0.0376366046,-0.355626,-0.251454,-0.495288
-0.456168,-0.0256816479,-0.398605,-0.262952,-0.544348
-0.480768,-0.0061005883,-0.426049,-0.287973,-0.551167
-0.463973,0.0050004919,-0.408739,-0.271208,-0.518355
-0.439263,0.0181020511,-0.386028,-0.26409,-0.503431
-0.444751,0.0229640059,-0.389023,-0.260728,-0.520416
-0.395405,0.0215607921,-0.338108,-0.238295,-0.463932
-0.34234,0.0096122822,-0.27674,-0.201226,-0.40616
-0.364893,-0.0002178054,-0.303032,-0.225686,-0.429019
-0.326393,-0.0030366906,-0.250104,-0.153621,-0.411138
-0.367523,0.0035398895,-0.300203,-0.221246,-0.445391
-0.359653,0.0127480084,-0.296888,-0.208254,-0.434039
-0.33584,0.0148966721,-0.257366,-0.161274,-0.408175
-0.358841,0.0147551166,-0.284966,-0.185489,-0.432558
-0.239111,0.0158896518,-0.165401,-0.0586109,-0.352946
-0.252723,0.0201807198,-0.17885,-0.0779473,-0.354516
-0.165131,-0.001676334,-0.0751032,0.0276754,-0.332604
-0.291702,-0.0264055848,-0.198775,-0.090225,-0.385397
-0.177368,-0.0335988674,-0.0969101,-0.00118434,-0.311724
-0.202421,-0.0387589798,-0.114153,-0.0140091,-0.332574
-0.331247,-0.0359341081,-0.215193,-0.106354,-0.42955
-0.353169,-0.0199652301,-0.259457,-0.144683,-0.44985
-0.391626,-0.0075198284,-0.31749,-0.206335,-0.47688
-0.366573,-0.0029799543,-0.283249,-0.169614,-0.453275
-0.37553,0.0054012097,-0.28979,-0.158838,-0.464779
-0.384285,0.0187223974,-0.30138,-0.189507,-0.471193
-0.348559,0.0195479064,-0.263972,-0.15867,-0.436196
-0.287248,0.0108921935,-0.179048,-0.0790365,-0.385651
-0.237635,0.0061711099,-0.144107,-0.0465257,-0.361488
-0.220137,0.0066091241,-0.115693,-0.0175663,-0.363851
-0.23946,0.0169729453,-0.133267,-0.0424049,-0.370262
-0.244656,0.0160267179,-0.137079,-0.0493731,-0.374552
-0.230418,0.0167498315,-0.123766,-0.0273042,-0.372581
-0.15523,0.0191076067,-0.0595934,0.0312155,-0.320961
-0.176045,0.0277648248,-0.0818657,0.0157737,-0.33762
-0.140012,0.0303000803,-0.0550807,0.0223976,-0.291262
-0.113757,0.0298298185,-0.0249624,0.06161,-0.287621
-0.11999,0.0215799832,-0.0337943,0.0576433,-0.295637
-0.16217,0.0201283662,-0.065553,0.029513,-0.321825
-0.248121,0.0364681811,-0.131955,-0.0278226,-0.377194
-0.331175,0.0633768011,-0.200305,-0.0862745,-0.424246
-0.378327,0.0986484544,-0.284748,-0.149752,-0.462396
-0.374161,0.1304324752,-0.282749,-0.150128,-0.460656
-0.318685,0.1622700587,-0.18078,-0.0710392,-0.419249
-0.316973,0.1980808408,-0.166338,-0.0533073,-0.426152
-0.170103,0.2261169194,-0.0541451,0.0500277,-0.328928
-0.153671,0.2473466845,-0.0367207,0.0683879,-0.33537
-0.178747,0.267000076,-0.0583008,0.0476497,-0.33983
-0.194452,0.3026507689,-0.0749147,0.0366755,-0.345937
-0.198533,0.3567978915,-0.0786557,0.0291976,-0.361593
-0.231398,0.4066015837,-0.100481,0.00842202,-0.37518
-0.241897,0.4401372144,-0.10419,0.0119327,-0.393145
-0.254925,0.4677777813,-0.108419,0.0109792,-0.400461
-0.223565,0.4843071743,-0.0970051,0.0122266,-0.379046
-0.206222,0.4818213389,-0.0802502,0.0351758,-0.364425
-0.226112,0.4615154668,-0.0903842,0.0259379,-0.374349
-0.267333,0.4245187363,-0.108081,0.0183742,-0.405016
-0.209056,0.3833341026,-0.0668514,0.0401187,-0.354522
-0.299997,0.3369790558,-0.119702,-0.00498983,-0.409191
-0.329108,0.3059571617,-0.136327,-0.0150466,-0.431265
-0.411236,0.2843427997,-0.294796,-0.157289,-0.491731
-0.468643,0.2658095577,-0.342124,-0.190624,-0.552665
-0.464132,0.2387072067,-0.343869,-0.211019,-0.541149
-0.540853,0.2070140531,-0.412579,-0.277276,-0.617917
-0.445834,0.170687152,-0.319028,-0.187394,-0.524362
-0.448527,0.1309669156,-0.315068,-0.170994,-0.524073
-0.494632,0.0850653627,-0.349251,-0.188919,-0.574485
-0.508415,0.0410560356,-0.374862,-0.254523,-0.573841
-0.48189,-0.0004217483,-0.331664,-0.163421,-0.551333
-0.503487,-0.029927652,-0.359385,-0.224078,-0.575105
-0.521934,-0.028419649,-0.361133,-0.202385,-0.61723
-0.534634,-0.0126631278,-0.375745,-0.236248,-0.619461
-0.466354,0.0030142387,-0.309831,-0.148869,-0.545969
-0.526132,0.0184520651,-0.37688,-0.240388,-0.610097
-0.440338,0.0322570843,-0.22424,-0.0862421,-0.515608
-0.43345,0.0446752715,-0.174168,-0.0374589,-0.51177
-0.472897,0.0492646438,-0.265281,-0.0655827,-0.538563
-0.446142,0.0541230339,-0.222621,-0.0536841,-0.512311
-0.40553,0.0583022305,-0.138203,0.0114811,-0.469944
-0.368792,0.06227953,-0.0701461,0.0745491,-0.44803
-0.334166,0.0769682808,-0.0786733,0.038523,-0.408202
-0.397769,0.0773354758,-0.151872,-0.0149548,-0.46079
-0.362495,0.0866265406,-0.090077,0.0197439,-0.429486
-0.319306,0.1074105926,-0.0449438,0.0728943,-0.413193
-0.231984,0.1276134279,0.00215545,0.126042,-0.366667
-0.229449,0.1312565773,0.00926888,0.132625,-0.374476
-0.294936,0.1454919585,-0.0307395,0.0758777,-0.404272
-0.355475,0.1328044235,-0.0911264,0.00223631,-0.422268
-0.29128,0.1155887048,-0.0351178,0.0423266,-0.403839
-0.365123,0.1142428252,-0.0952331,-0.00435328,-0.424781
-0.297461,0.1122942185,-0.0469668,0.0412971,-0.387919
-0.188495,0.0948596144,0.0466439,0.144086,-0.346661
-0.0862626,0.0778465701,0.101984,0.175989,-0.224208
-0.1386,0.0703060545,0.0518729,0.130599,-0.269838
-0.180297,0.0557335039,0.0422752,0.115263,-0.319566
-0.25192,0.0376974829,-0.033816,0.0371361,-0.346838
-0.181512,0.0263680186,0.0177412,0.104692,-0.294479
-0.168132,0.0229122561,0.0256064,0.09802,-0.284963
-0.112326,0.0186585411,0.0666971,0.148583,-0.206202
-0.0585755,0.0296887905,0.110686,0.198226,-0.13933
-0.108325,0.0470797748,0.0672174,0.137594,-0.20455
-0.0581764,0.0663600612,0.108169,0.178628,-0.13855
0.00977635,0.0796655518,0.167922,0.226155,-0.0676174
0.0235017,0.087912256,0.186543,0.249939,-0.0566351
0.0305512,0.0949169002,0.190682,0.243479,-0.0469441
0.0242032,0.089165508,0.190461,0.235872,-0.0558057
0.0202985,0.0824629341,0.177051,0.223542,-0.0564322
-0.00104278,0.0741189123,0.15748,0.2078,-0.0737651
0.0964653,0.0713444125,0.246616,0.29793,0.0257418
0.0930017,0.0759935793,0.250045,0.302077,0.0204637
0.0978892,0.0697515496,0.252948,0.311249,0.0285397
0.143466,0.0643873134,0.300468,0.351549,0.0723241
0.183596,0.0535215797,0.328191,0.375828,0.111412
0.203323,0.0382468606,0.347909,0.393041,0.131009
0.214272,0.0251945639,0.354506,0.391334,0.142878
0.206433,0.0287219296,0.355031,0.382799,0.134246
0.185388,0.0400431166,0.333453,0.375612,0.116536
0.170836,0.0461060896,0.314003,0.347202,0.105824
0.183163,0.0558327558,0.313318,0.351806,0.120156
0.13049,0.0717828563,0.274203,0.318374,0.0705936
0.207526,0.092041655,0.332559,0.364767,0.145665
0.256248,0.1079378336,0.376878,0.404952,0.19715
0.260598,0.1186233855,0.387819,0.420098,0.201142
0.255856,0.1319701886,0.371202,0.399128,0.198666
0.185323,0.14393108,0.309833,0.327769,0.114992
0.21498,0.1505304263,0.33303,0.347603,0.145598
0.273899,0.1634380175,0.396882,0.407869,0.204469
0.292711,0.174507865,0.40563,0.419792,0.232339
0.320564,0.1892677745,0.436511,0.439292,0.262929
0.308425,0.2052636395,0.419466,0.421693,0.253507
0.314962,0.212323238,0.417134,0.411565,0.265445
0.320845,0.2209504474,0.426061,0.417337,0.27466
0.320118,0.2240431865,0.432162,0.431575,0.266922
0.35098,0.2288336456,0.472106,0.480588,0.298488
0.341224,0.231976138,0.453417,0.455965,0.290088
0.378778,0.235552457,0.483864,0.48025,0.3339
0.359244,0.245421362,0.473379,0.481151,0.309578
0.312911,0.2513622205,0.425543,0.435388,0.267004
0.39257,0.2555703944,0.488743,0.486441,0.346549
0.428265,0.252210375,0.520319,0.514887,0.383564
0.38706,0.2407745133,0.495753,0.499755,0.343192
0.419802,0.2177747524,0.521369,0.516414,0.375194
0.428324,0.1900957498,0.535752,0.528296,0.385951
0.360627,0.1471028812,0.477301,0.472438,0.320302
0.347831,0.0931711482,0.45197,0.436213,0.31032
0.374442,0.0391447849,0.473856,0.463515,0.337119
0.258792,0.0010624621,0.375648,0.37779,0.229262
0.240153,-0.0190818616,0.361167,0.366586,0.212297
0.165542,-0.0284411289,0.29134,0.302569,0.136546
0.169045,-0.031087727,0.29268,0.306912,0.139856
0.101499,-0.0278391997,0.227011,0.252456,0.071318
0.0889154,-0.0253393455,0.212057,0.244436,0.0555435
0.141315,-0.0161457521,0.267252,0.293102,0.112192
0.126986,-0.0112970704,0.257278,0.283826,0.0989548
0.101497,-0.011671791,0.231273,0.263834,0.0725185
0.116302,-0.0155765856,0.243287,0.273536,0.0872078
0.180596,-0.030781328,0.303454,0.322532,0.149615
0.18157,-0.0428651203,0.300028,0.314834,0.150267
0.151259,-0.0547201434,0.271152,0.281169,0.121105
0.138321,-0.0705875011,0.26548,0.283043,0.107141
0.151946,-0.0840923179,0.274808,0.292712,0.12188
0.157004,-0.1117728144,0.277948,0.298909,0.12701
0.137106,-0.1452894552,0.258511,0.270688,0.106491
0.145242,-0.1796298255,0.274133,0.286613,0.112244
0.18238,-0.2318733763,0.310062,0.325542,0.149802
0.100167,-0.2970007736,0.238039,0.247244,0.063926
0.188563,-0.357760465,0.31962,0.324013,0.154041
0.190195,-0.4300389104,0.317395,0.318742,0.156085
0.147026,-0.4989198927,0.282908,0.287754,0.113766
0.140177,-0.5738079715,0.277593,0.288239,0.106854
0.11809,-0.6514351445,0.252986,0.268727,0.0830297
0.168018,-0.735879237,0.291469,0.306502,0.136505
0.216641,-0.8169919905,0.337818,0.351724,0.183149
0.217613,-0.9004373479,0.337142,0.351192,0.183543
0.175007,-0.9522386748,0.297958,0.312504,0.139955
0.162434,-0.9946087728,0.28591,0.304082,0.12617
0.158115,-1.0278315803,0.282543,0.298062,0.119204
0.116259,-1.0553334531,0.244532,0.257981,0.0729988
0.195377,-1.0671745515,0.31782,0.324213,0.149155
0.198213,-1.0837477543,0.316869,0.321869,0.147172
0.331315,-1.0941005263,0.44576,0.443136,0.278631
0.318189,-1.0949317589,0.427291,0.417258,0.260022
0.446732,-1.0731786589,0.563617,0.525493,0.380314
0.577513,-1.0454689407,0.688562,0.659825,0.504767
0.536003,-1.0362162292,0.649242,0.615998,0.452041
0.619194,-1.0413995415,0.736109,0.719935,0.523612
0.649854,-1.034309112,0.769358,0.772265,0.552375
0.792296,-1.0299016589,0.904945,0.925517,0.691816
0.777504,-1.0162267086,0.901331,0.933217,0.675277
0.823981,-0.9866100754,0.944286,0.987776,0.717679
0.903298,-0.9579969032,1.01008,1.04183,0.789449
0.81822,-0.9299386739,0.949683,1.00392,0.677229
0.838095,-0.8963337593,0.977493,1.03751,0.68693
0.700048,-0.8583674056,0.861352,0.947767,0.53562
0.538741,-0.8352856721,0.718128,0.839442,0.36586
0.508859,-0.808300158,0.680634,0.805806,0.333881
0.238663,-0.7760400935,0.411922,0.529281,-0.0375249
0.287621,-0.7541345508,0.452153,0.598129,0.0426665
0.0224423,-0.7379956647,0.243407,0.380399,-0.28723
-0.0449982,-0.7258098918,0.18099,0.323543,-0.355459
-0.389968,-0.720930713,-0.178482,0.10795,-0.602685
-0.546538,-0.7280636541,-0.380202,-0.0954631,-0.667031
-0.605517,-0.7337652836,-0.524041,-0.2809,-0.711841
-0.629447,-0.7480935183,-0.554711,-0.405573,-0.709984
-0.650432,-0.7670070491,-0.585113,-0.471937,-0.720365
-0.667298,-0.7903080346,-0.608629,-0.49463,-0.731285
-0.654208,-0.8192299268,-0.59159,-0.47914,-0.727059
-0.620373,-0.8407521758,-0.55467,-0.414644,-0.704429
-0.648152,-0.8498882277,-0.597282,-0.479354,-0.71574
-0.667837,-0.8552944542,-0.616703,-0.495683,-0.741034
-0.663674,-0.8522618363,-0.612578,-0.475179,-0.742383
-0.62748,-0.8441642825,-0.568312,-0.395989,-0.716653
-0.677446,-0.8223980636,-0.632351,-0.502972,-0.758564
-0.691877,-0.8028175369,-0.65516,-0.526141,-0.774401
-0.687018,-0.7632417971,-0.654714,-0.537211,-0.772436
-0.68291,-0.7168077241,-0.654883,-0.538237,-0.770428
-0.665007,-0.6640957071,-0.638628,-0.529811,-0.746724
-0.630319,-0.6107005516,-0.605116,-0.498084,-0.711958
-0.625465,-0.5457420185,-0.602567,-0.491104,-0.707877
-0.602151,-0.4770431584,-0.581095,-0.473626,-0.690873
-0.546524,-0.3964751642,-0.523401,-0.41869,-0.638115
-0.491106,-0.3030560705,-0.471726,-0.371069,-0.601169
-0.477895,-0.2066821003,-0.46155,-0.356129,-0.594069
-0.440408,-0.1163704279,-0.426157,-0.316742,-0.559875
-0.394625,-0.0489495606,-0.384295,-0.289279,-0.512049
-0.350408,0.0099104462,-0.340845,-0.232037,-0.471039
-0.294208,0.0456598678,-0.283499,-0.173986,-0.417083
-0.236034,0.0482391955,-0.230323,-0.107551,-0.377365
-0.233249,0.0470054516,-0.227115,-0.107696,-0.365955
-0.249724,0.0397777157,-0.242947,-0.127563,-0.38556
-0.253831,0.0235677404,-0.243781,-0.13041,-0.39403
-0.242197,0.010626265,-0.235816,-0.114633,-0.388143
-0.263983,0.000403135,-0.254914,-0.131217,-0.413857
-0.247009,0.0006611217,-0.236157,-0.111303,-0.402868
-0.26675,-0.0055638366,-0.257472,-0.136071,-0.4197
-0.266888,-0.0104268711,-0.253426,-0.116527,-0.428004
-0.282176,-0.0076241262,-0.270762,-0.134695,-0.435996
-0.322491,-0.0112976337,-0.315344,-0.171522,-0.46446
-0.300846,-0.0195393519,-0.28955,-0.146011,-0.446877
-0.296151,-0.0246225048,-0.285328,-0.140285,-0.450221
-0.292293,-0.032301949,-0.281115,-0.123654,-0.445201
-0.296202,-0.0368057048,-0.285388,-0.132725,-0.450395
-0.284296,-0.0444372259,-0.270814,-0.109429,-0.44759
-0.302284,-0.0441984156,-0.291987,-0.13203,-0.45967
-0.318342,-0.0377615164,-0.308948,-0.147249,-0.471266
-0.326897,-0.0304030056,-0.320005,-0.153866,-0.478006
-0.344785,-0.0219779648,-0.339484,-0.184805,-0.495391
-0.372817,-0.0021027422,-0.368201,-0.222684,-0.518857
-0.37691,0.0070117871,-0.372535,-0.238379,-0.5191
-0.373039,0.0110853921,-0.369033,-0.243369,-0.511976
-0.314917,0.0216212938,-0.309882,-0.160828,-0.460664
-0.305709,0.0286633348,-0.30038,-0.154925,-0.450986
-0.323296,0.023129694,-0.319903,-0.17339,-0.463669
-0.21539,0.0137505917,-0.209331,-0.0580932,-0.407347
-0.183573,0.0080268621,-0.177873,-0.0190396,-0.401037
-0.229942,0.0064182116,-0.22314,-0.0642261,-0.42583
-0.316942,0.0131654472,-0.31247,-0.150032,-0.461677
-0.175367,0.0107233722,-0.170585,-0.0091688,-0.408892
-0.244903,0.0121889611,-0.240343,-0.0742224,-0.431079
-0.249153,0.0278009773,-0.244966,-0.0767032,-0.432278
-0.264216,0.0430687766,-0.261208,-0.0853751,-0.445395
-0.21289,0.0489104119,-0.210242,-0.0434589,-0.421709
-0.219792,0.0458855839,-0.217117,-0.0510972,-0.421567
-0.159397,0.0261183586,-0.156525,0.0118842,-0.392733
-0.0352665,0.0025352543,-0.0314496,0.144071,-0.351591
-0.0509052,-0.0593306851,-0.0442454,0.135716,-0.364113
-0.0923333,-0.0687673196,-0.0860059,0.0877688,-0.389782
-0.258819,-0.0806720394,-0.250113,-0.0630408,-0.4421
-0.204858,-0.0822518343,-0.196764,-0.0268509,-0.438488
-0.303704,-0.0802475121,-0.298741,-0.0813187,-0.47656
-0.354829,-0.0827763843,-0.352866,-0.143589,-0.503845
-0.362035,-0.0863758813,-0.360785,-0.126962,-0.515663
-0.345363,-0.0940634771,-0.344611,-0.105218,-0.508199
-0.343346,-0.1028756157,-0.343439,-0.109272,-0.501799
-0.221267,-0.1097115214,-0.223397,-0.0150038,-0.475913
-0.13334,-0.1148520473,-0.136685,0.0429242,-0.427643
-0.148239,-0.1553957911,-0.151242,0.0400319,-0.447332
-0.104,-0.1981455129,-0.106074,0.0702784,-0.403782
-0.139397,-0.2497562472,-0.141512,0.0458787,-0.431766
-0.176359,-0.3087687178,-0.177585,0.0194029,-0.433112
-0.139058,-0.3521281898,-0.1398,0.0480171,-0.414169
-0.0901139,-0.390416144,-0.0909997,0.09399,-0.391622
-0.188646,-0.4268089863,-0.190108,0.0119577,-0.454345
-0.070732,-0.4579334883,-0.0722479,0.112288,-0.395914
0.00362924,-0.480867444,0.00125986,0.190853,-0.369685
-0.0236154,-0.4909550408,-0.0273761,0.159958,-0.388547
-0.0578268,-0.4783863699,-0.0638207,0.12281,-0.399887
-0.133652,-0.4428625964,-0.146028,0.0751816,-0.474178
-0.0797128,-0.374843608,-0.0970071,0.112559,-0.441146
-0.0915512,-0.2924064012,-0.114956,0.0939871,-0.441019
-0.233415,-0.2313429815,-0.270425,-0.0269412,-0.477938
-0.136633,-0.1826715128,-0.162651,0.0391673,-0.416274
-0.108752,-0.1473545654,-0.137687,0.0669731,-0.399652
-0.130995,-0.1347658057,-0.159594,0.0371935,-0.378918
-0.210421,-0.1037847574,-0.234873,-0.0343809,-0.371477
-0.0956067,-0.0580448539,-0.127705,0.0595216,-0.332062
-0.163179,-0.0197382325,-0.197251,0.0036073,-0.377647
-0.150316,0.0025862719,-0.187008,0.0148946,-0.370269
-0.171485,0.0194541094,-0.207852,-0.00679144,-0.378371
-0.169356,0.0276121771,-0.205728,-0.00543889,-0.369026
-0.0938308,0.0184356948,-0.128533,0.0599111,-0.322167
-0.176503,0.0214368473,-0.209463,-0.0165489,-0.33796
-0.0128326,0.0164387577,-0.0482034,0.148227,-0.278511
-0.0716742,0.0096544246,-0.107948,0.0908513,-0.319904
-0.113778,0.0019219581,-0.149489,0.0566761,-0.33272
-0.0461841,-0.0033478364,-0.0821705,0.123019,-0.312171
-0.0319496,-0.0036475823,-0.069704,0.137695,-0.312486
-0.0686338,-0.0062148726,-0.106706,0.105116,-0.332095
-0.0986153,-0.0120060119,-0.134256,0.0775177,-0.349927
-0.0267946,-0.0093945247,-0.0625965,0.143713,-0.319312
-0.014289,-0.004074525,-0.0520443,0.15787,-0.315345
-0.0384509,-0.0024380999,-0.0754751,0.130212,-0.324814
-0.0363107,-0.0076793976,-0.0745787,0.137249,-0.330163
-0.0372286,-0.0052831184,-0.0754499,0.13906,-0.328818
-0.0329386,0.0016884776,-0.0721531,0.143497,-0.335264
-0.13924,0.0099414023,-0.173233,0.0182596,-0.387798
-0.0957163,0.0141053265,-0.130886,0.0677208,-0.379905
-0.0876113,0.007356063,-0.122816,0.0786899,-0.374854
-0.13328,-0.0013945689,-0.168224,0.0304286,-0.400862
-0.057795,0.0032159172,-0.0960182,0.107467,-0.366019
-0.0496349,0.0043215818,-0.0882443,0.115603,-0.360366
-0.0830127,0.0029731732,-0.121687,0.0828368,-0.38263
-0.0412077,0.0106548367,-0.0806825,0.125708,-0.360233
-0.109551,0.014662004,-0.147097,0.0443692,-0.391324
-0.109468,0.0073179386,-0.146456,0.0453656,-0.400108
-0.118918,0.0028921011,-0.157722,0.0363872,-0.398244
-0.0997607,0.0019589919,-0.138945,0.0533193,-0.382832
-0.100003,-0.0009887204,-0.138773,0.0467883,-0.380822
-0.133181,0.000256171,-0.172849,0.0171636,-0.422327
-0.0964818,0.0019280035,-0.134219,0.0616466,-0.399455
-0.0923977,0.0005570708,-0.131251,0.0656627,-0.397182
-0.0524086,-0.0019929951,-0.0914654,0.112624,-0.380065
-0.0517002,-0.006260305,-0.0904848,0.112674,-0.367017
-0.0913843,-0.0102006431,-0.130542,0.0714863,-0.408107
-0.149864,-0.0090038068,-0.190949,0.00785187,-0.429987
-0.102691,-0.0020575739,-0.143239,0.0563032,-0.404154
-0.111416,-0.0050038985,-0.152884,0.0370893,-0.411008
-0.128162,-0.0123277251,-0.170454,0.0303257,-0.424794
-0.180926,-0.003312122,-0.232579,-0.0313187,-0.447977
-0.144882,0.0007898681,-0.187833,0.000950813,-0.425468
-0.0920833,-0.003336685,-0.134316,0.057475,-0.400541
-0.146568,0.004459561,-0.190187,-0.00913268,-0.435063
-0.166098,0.0086643971,-0.224212,-0.0276555,-0.458002
-0.137837,0.0014417858,-0.182581,-0.000563025,-0.4217
-0.170009,0.0002657832,-0.21605,-0.0332108,-0.426118
-0.182664,0.0060651996,-0.247288,-0.0497615,-0.452733
-0.24993,0.0070561542,-0.309965,-0.0957367,-0.477734
-0.219425,-0.0007035232,-0.290903,-0.086497,-0.465552
-0.206384,-0.0010466423,-0.270562,-0.0765217,-0.444436
-0.224196,0.0018130669,-0.292517,-0.0929772,-0.451886
-0.244828,0.0012521943,-0.301047,-0.114767,-0.453977
-0.205518,0.0012904923,-0.272916,-0.0816739,-0.442489
-0.207973,-0.002576731,-0.275498,-0.0819179,-0.445061
-0.253129,-0.0059225018,-0.30917,-0.113679,-0.467002
-0.195047,-0.0052695259,-0.259586,-0.0699139,-0.438165
-0.218781,-0.0063077375,-0.286283,-0.0996197,-0.443122
-0.199014,-0.0182765062,-0.271223,-0.074938,-0.446453
-0.201155,-0.0233547725,-0.276231,-0.0768972,-0.448854
-0.151447,-0.0136985299,-0.200221,-0.0352148,-0.42096
-0.118257,-0.0055688153,-0.168063,-0.00103769,-0.407781
-0.170424,0.0018125927,-0.230355,-0.0476551,-0.428623
-0.185876,0.0147393431,-0.259472,-0.0709306,-0.443834
-0.27235,0.0199382238,-0.329835,-0.133004,-0.482626
-0.260195,0.0160327464,-0.318267,-0.12938,-0.461051
-0.293214,0.0172144183,-0.331748,-0.174127,-0.465283
-0.236183,0.0229926937,-0.30431,-0.124566,-0.450617
-0.216178,0.0186225256,-0.296533,-0.101388,-0.452969
-0.260614,0.0142940033,-0.312106,-0.155161,-0.445205
-0.231741,0.015436934,-0.293752,-0.125961,-0.434672
-0.149161,0.0096126477,-0.204237,-0.0449789,-0.402467
-0.16345,0.0007731278,-0.218354,-0.0580644,-0.398742
-0.147301,-0.0045960492,-0.203357,-0.0391909,-0.397959
-0.146335,-0.011134277,-0.20192,-0.0467468,-0.394526
-0.135129,-0.01793788,-0.19199,-0.0285566,-0.396561
-0.0796188,-0.021742072,-0.134934,0.0215027,-0.379754
-0.0987108,-0.0248735419,-0.151001,-0.00488874,-0.387858
-0.117053,-0.0409730552,-0.172331,-0.0169313,-0.394526
-0.130189,-0.0319701208,-0.188028,-0.02946,-0.400256
-0.159647,-0.0125599797,-0.22354,-0.0652668,-0.420444
-0.0931802,-0.010457672,-0.150431,0.000048697,-0.393576
-0.150059,-0.0065109781,-0.2083,-0.0587895,-0.407863
-0.172144,0.0118694162,-0.23898,-0.0863056,-0.419133
-0.095887,0.0043473458,-0.158204,-0.010685,-0.387015
-0.070157,0.0008538801,-0.131174,0.0196458,-0.378463
-0.171939,0.0027595749,-0.229585,-0.0923977,-0.4056
-0.0764004,0.0088832585,-0.133828,0.000842214,-0.372591
-0.123303,0.010124099,-0.182641,-0.0491698,-0.38909
-0.129416,0.0056176257,-0.189695,-0.0540742,-0.388897
-0.12326,0.0108659161,-0.183957,-0.0495383,-0.38453
-0.0922001,0.0172609038,-0.15087,-0.0131439,-0.376701
-0.121321,0.0168061496,-0.183821,-0.0427784,-0.398035
-0.146157,0.0109539433,-0.211813,-0.071953,-0.407392
-0.106833,0.0002362036,-0.16622,-0.0343944,-0.382872
-0.112133,0.0021278701,-0.173726,-0.0349037,-0.380709
-0.182401,-0.0011611856,-0.259596,-0.110881,-0.425712
-0.169616,0.0030142533,-0.240077,-0.0986122,-0.414997
-0.303158,-0.0019842687,-0.341176,-0.220588,-0.459789
-0.394553,-0.0200232152,-0.430098,-0.334327,-0.534653
-0.389433,-0.0242323283,-0.425427,-0.329488,-0.53112
-0.428317,-0.0232559134,-0.465724,-0.371249,-0.556752
-0.428305,-0.0141223309,-0.465359,-0.37078,-0.569319
-0.428153,-0.0146653102,-0.467232,-0.368812,-0.559712
-0.415344,-0.003688087,-0.455428,-0.355117,-0.556446
-0.43533,0.0108133698,-0.479543,-0.376828,-0.566561
-0.392012,0.0180769512,-0.43781,-0.331353,-0.52205
-0.413391,0.0101024367,-0.459122,-0.348247,-0.532033
-0.36405,0.0137419364,-0.412702,-0.30069,-0.487878
-0.301648,0.0127495199,-0.344817,-0.262104,-0.427883
-0.297354,0.0148214123,-0.335893,-0.259142,-0.411858
-0.267287,0.0101982917,-0.310407,-0.240342,-0.381668
-0.264576,-0.0118450291,-0.292988,-0.233544,-0.363992
-0.268391,-0.0340429082,-0.307474,-0.25017,-0.374608
-0.264576,-0.0478845036,-0.278274,-0.233234,-0.346781
-0.266708,-0.0614976622,-0.303266,-0.246573,-0.37138
-0.286097,-0.0682407638,-0.324305,-0.257494,-0.391326
-0.297843,-0.0786513181,-0.336255,-0.26184,-0.404678
-0.294436,-0.0938393654,-0.333053,-0.26048,-0.400085
-0.291076,-0.1144422289,-0.330064,-0.259097,-0.39742
-0.291113,-0.1398413924,-0.331487,-0.259796,-0.398474
-0.288587,-0.1615267261,-0.328463,-0.260405,-0.395524
-0.282338,-0.1848874727,-0.32242,-0.260539,-0.389538
-0.286618,-0.2127844242,-0.326722,-0.260652,-0.393206
-0.279611,-0.2375839322,-0.321115,-0.259383,-0.385378
-0.277911,-0.2668454626,-0.319694,-0.257235,-0.383594
-0.284514,-0.2834343578,-0.32678,-0.258783,-0.391742
-0.277614,-0.298610091,-0.321288,-0.259696,-0.389607
-0.311617,-0.3120740561,-0.35535,-0.264576,-0.425453
-0.30227,-0.309930861,-0.345781,-0.264527,-0.413612
-0.309047,-0.2905587945,-0.353767,-0.264576,-0.423487
-0.291037,-0.2596611051,-0.335746,-0.264576,-0.40344
-0.288752,-0.2131354799,-0.336718,-0.264576,-0.405073
-0.270104,-0.1649117882,-0.320967,-0.258859,-0.388715
-0.265754,-0.1215157505,-0.316684,-0.251838,-0.383415
-0.261801,-0.0695023422,-0.280523,-0.224619,-0.34723
-0.230125,-0.0206436629,-0.264576,-0.192079,-0.303565
-0.161181,0.0051137538,-0.227333,-0.116915,-0.264907
-0.125419,0.018037795,-0.205203,-0.0844309,-0.264576
-0.164244,0.0378106548,-0.231148,-0.129341,-0.265518
-0.123343,0.0420503641,-0.207708,-0.0900529,-0.264576
-0.0446768,0.0375291885,-0.124693,-0.0100611,-0.246112
0.0121118,0.0305737527,-0.0726171,0.0468439,-0.235619
-0.0278918,0.0187663638,-0.113855,0.00757557,-0.247883
-0.0613636,-0.0016716845,-0.143938,-0.0254568,-0.257313
-0.068836,-0.0145048857,-0.151348,-0.0333914,-0.260689
-0.0927412,-0.0229505498,-0.178774,-0.0576866,-0.264576
-0.091248,-0.0229457368,-0.178376,-0.0565505,-0.264576
-0.129837,-0.0123819051,-0.216125,-0.0986578,-0.265977
-0.156925,-0.0044158612,-0.232575,-0.126979,-0.268438
-0.190322,0.0065165666,-0.250536,-0.155452,-0.277092
-0.182466,0.0099356986,-0.248231,-0.149898,-0.2757
-0.129791,0.0064406957,-0.216322,-0.100224,-0.264599
-0.0998774,0.0037889083,-0.183093,-0.0736693,-0.263465
-0.11233,-0.0010561142,-0.198099,-0.0843218,-0.264576
-0.0956689,-0.0020014969,-0.181926,-0.0644872,-0.26058
-0.157957,-0.0025606898,-0.229349,-0.12794,-0.267872
-0.13958,-0.000787748,-0.219353,-0.109791,-0.264576
-0.137238,0.0010713897,-0.214736,-0.108689,-0.264576
-0.131129,0.0004139139,-0.211032,-0.103395,-0.264576
-0.117009,0.0022701748,-0.19825,-0.0886232,-0.264576
-0.0954373,0.0002488797,-0.177391,-0.0650326,-0.258936
-0.125734,-0.0007013795,-0.206871,-0.0961344,-0.264576
-0.137309,0.0032700715,-0.215144,-0.109677,-0.264576
-0.15531,0.0009074359,-0.224397,-0.128669,-0.264576
-0.158481,0.0017097262,-0.227681,-0.131792,-0.264576
-0.125164,-0.0003770449,-0.209298,-0.0994056,-0.264576
-0.110704,-0.0005043615,-0.201659,-0.0805942,-0.264576
-0.132548,0.001525704,-0.215299,-0.105963,-0.264576
-0.117834,-0.0008636301,-0.208292,-0.0896837,-0.264576
-0.105818,-0.0005793616,-0.201128,-0.0834228,-0.264576
-0.150633,-0.0013523318,-0.231963,-0.127068,-0.265815
-0.14969,0.0005505701,-0.230748,-0.12534,-0.264576
-0.125568,0.0015026663,-0.218553,-0.104402,-0.264576
-0.150465,0.0010776477,-0.234132,-0.127161,-0.264576
-0.15897,0.0028293179,-0.237906,-0.136925,-0.265689
-0.16491,0.0027639857,-0.241674,-0.141526,-0.272102
-0.205311,-0.00027041,-0.262054,-0.176734,-0.285153
-0.165927,-0.0045203406,-0.244465,-0.140195,-0.271568
-0.175196,-0.0029887805,-0.249076,-0.150785,-0.273422
-0.148294,-0.0028113258,-0.23325,-0.127951,-0.264576
-0.141572,-0.0040638037,-0.227411,-0.122579,-0.264576
-0.149839,-0.0040141475,-0.233717,-0.129942,-0.266996
-0.145167,-0.0068395017,-0.231405,-0.126171,-0.265683
-0.159041,-0.014857486,-0.238744,-0.138326,-0.269268
-0.121577,-0.02099251,-0.2149,-0.105616,-0.264576
-0.107045,-0.0318391831,-0.202871,-0.0909919,-0.264576
-0.118239,-0.0365840528,-0.214832,-0.101556,-0.264576
-0.123353,-0.0325997814,-0.217166,-0.107387,-0.264576
-0.119666,-0.0294133984,-0.222912,-0.0995364,-0.264785
-0.149631,-0.0404031179,-0.239847,-0.129724,-0.271598
-0.127727,-0.0460250327,-0.224334,-0.111517,-0.264576
-0.107508,-0.0517280002,-0.207129,-0.0921412,-0.264576
-0.124148,-0.0650734623,-0.226081,-0.105511,-0.267716
-0.132151,-0.0830513619,-0.232107,-0.112914,-0.267667
-0.159053,-0.0928869856,-0.245181,-0.13738,-0.271014
-0.131364,-0.1089944855,-0.230551,-0.112545,-0.264893
-0.153929,-0.1192422861,-0.24367,-0.13523,-0.275195
-0.1236,-0.119915105,-0.22784,-0.106284,-0.269839
-0.183679,-0.1267787804,-0.258114,-0.157515,-0.288873
-0.215796,-0.1206602877,-0.264576,-0.194557,-0.324335
-0.229385,-0.0945562972,-0.264576,-0.208272,-0.335438
-0.20821,-0.0656459014,-0.264576,-0.188772,-0.310824
-0.175907,-0.0351681905,-0.255944,-0.155304,-0.286778
-0.154226,-0.0116130363,-0.245558,-0.137603,-0.28091
-0.186845,0.0113874922,-0.260236,-0.166938,-0.287861
-0.166909,0.0196602597,-0.250288,-0.150048,-0.274537
-0.0904852,0.0220712583,-0.200114,-0.0791724,-0.264576
-0.0300284,0.0224992521,-0.128258,-0.017687,-0.247616
0.0117721,0.0206148868,-0.094099,0.0220132,-0.241463
0.0163158,0.0057596408,-0.0946058,0.0247322,-0.242869
-0.063695,-0.00360274,-0.168509,-0.0544258,-0.262643
0.00994033,-0.0061072769,-0.0922653,0.0192415,-0.236331
-0.0249443,-0.00294342,-0.128444,-0.0145963,-0.252292
-0.0645215,0.0029222171,-0.165885,-0.0558479,-0.263768
-0.128578,0.0076857813,-0.222532,-0.119122,-0.264576
-0.0824606,0.006503758,-0.18179,-0.0748805,-0.264576
-0.0516127,0.0024678188,-0.156076,-0.0432176,-0.258056
-0.00969097,0.0048417225,-0.117264,-0.00285825,-0.244617
-0.0462398,0.0070814901,-0.14894,-0.0389583,-0.257459
-0.105107,0.0117873841,-0.207312,-0.0983451,-0.264576
-0.0476243,0.0085312951,-0.150408,-0.0416534,-0.257928
-0.0267689,0.0027779782,-0.131959,-0.0204742,-0.248783
0.0198094,0.0032734488,-0.0858925,0.0257159,-0.231736
-0.0110877,-0.0013681096,-0.11678,-0.00667956,-0.244814
-0.0235624,-0.0099788266,-0.130098,-0.0185844,-0.248739
-0.0431782,-0.0094415802,-0.149516,-0.0376351,-0.254617
0.0273842,-0.0081877418,-0.0792457,0.0323192,-0.229838
-0.0157702,-0.0056743506,-0.118858,-0.0105313,-0.24403
-0.0248239,-0.000773231,-0.125316,-0.0182502,-0.243902
-0.00226209,0.0057713705,-0.102808,0.00463912,-0.235795
-0.000870675,0.0063940822,-0.102984,0.00593266,-0.235841
-0.0269627,0.0098805628,-0.131132,-0.0206094,-0.243928
0.0390731,0.00669468,-0.0652231,0.0427519,-0.218449
0.0464323,-0.0026374496,-0.0589277,0.0486578,-0.215451
0.00494036,-0.0073578381,-0.1007,0.0084919,-0.236755
0.029627,-0.0063750646,-0.0810804,0.0335397,-0.235649
-0.0861347,-0.0064164529,-0.196435,-0.0821254,-0.264576
0.0251165,0.0106338871,-0.0823357,0.0270441,-0.236588
-0.113862,0.0179590012,-0.213332,-0.110713,-0.264576
-0.0817696,0.0139211746,-0.184641,-0.0798,-0.264576
-0.00539324,0.0082814665,-0.115044,-0.00348923,-0.254022
-0.0408088,0.01055651,-0.152294,-0.0395664,-0.264222
-0.0963295,0.0090792182,-0.203149,-0.0917685,-0.264576
-0.114878,0.0014116956,-0.226337,-0.10971,-0.279825
-0.130299,-0.0131159138,-0.237845,-0.125509,-0.281873
-0.0789589,-0.0206563413,-0.193718,-0.0750773,-0.269355
-0.0162815,-0.0108034552,-0.134803,-0.0147072,-0.261745
-0.0343139,-0.0018623814,-0.149519,-0.0315887,-0.264576
-0.0907309,0.006195298,-0.211896,-0.0884462,-0.277022
-0.127227,0.008085938,-0.238087,-0.123096,-0.27915
-0.113179,0.0070159809,-0.221934,-0.112365,-0.269684
-0.124106,0.0034039357,-0.22733,-0.123123,-0.267915
-0.0755033,0.0004340566,-0.179223,-0.0755741,-0.264576
-0.0603227,-0.0020594941,-0.16582,-0.0602549,-0.264576
0.0360724,0.0020913676,-0.0747166,0.0365398,-0.236792
0.0373309,-0.0004064003,-0.0747542,0.0374645,-0.237732
-0.00180966,-0.0001313743,-0.110565,-0.00153059,-0.248219
-0.0252433,-0.0061978737,-0.130539,-0.0256305,-0.254818
-0.0402658,-0.0137441569,-0.142429,-0.0399797,-0.255637
-0.0940144,-0.0128293845,-0.192601,-0.0945454,-0.264576
-0.0400907,-0.0108978786,-0.131568,-0.042564,-0.252043
-0.0547654,-0.0094476501,-0.154705,-0.0560606,-0.263377
-0.121686,0.0034337307,-0.223863,-0.123842,-0.267625
-0.058718,0.0098632725,-0.152755,-0.0593173,-0.263034
-0.0756208,0.0147574989,-0.179707,-0.0764744,-0.264576
-0.0716007,0.0139204507,-0.178147,-0.0731535,-0.264576
-0.00972435,0.0121455488,-0.10875,-0.0108512,-0.250349
-0.0550675,0.0089493041,-0.159248,-0.0564487,-0.264576
-0.109089,0.0060890972,-0.207777,-0.110224,-0.264576
0.000941992,-0.000600024,-0.0992393,-0.000959694,-0.246131
-0.0128137,-0.0068919222,-0.121253,-0.0138283,-0.256985
-0.114626,-0.0092784038,-0.22212,-0.114977,-0.274513
-0.0882871,-0.0105607931,-0.189905,-0.0889782,-0.264576
-0.0279925,-0.0139421865,-0.13393,-0.0300485,-0.26114
-0.0667803,-0.0102579917,-0.180101,-0.0683571,-0.268712
-0.149285,-0.004190173,-0.243132,-0.149434,-0.27546
-0.107585,-0.0057542364,-0.202545,-0.10859,-0.264576
-0.0670259,-0.0096776606,-0.163138,-0.0688697,-0.264576
-0.0470922,-0.0080628321,-0.143093,-0.0494331,-0.262514
-0.0361919,-0.0016119772,-0.132451,-0.037932,-0.258026
-0.00424597,0.004524479,-0.102921,-0.00644195,-0.24928
-0.0390191,0.0098125104,-0.140785,-0.0409607,-0.263932
-0.0362956,0.0068579282,-0.135013,-0.0383713,-0.260267
-0.0597708,-0.0004168164,-0.151259,-0.0617742,-0.264576
-0.0356125,-0.001401558,-0.131134,-0.0378086,-0.257535
-0.0703532,-0.003795874,-0.161691,-0.0717445,-0.264576
-0.0179727,0.0004631813,-0.100914,-0.0199812,-0.246875
-0.0373503,0.015895512,-0.126321,-0.0395122,-0.256124
-0.0344548,0.0161151664,-0.129946,-0.036861,-0.256166
-0.0937811,0.0110538756,-0.187787,-0.0953156,-0.264576
-0.0200557,0.0088984766,-0.105471,-0.0219936,-0.247173
0.0151974,0.0072711315,-0.0793266,0.0131477,-0.241544
-0.0459786,0.0051141679,-0.135104,-0.0480598,-0.260975
-0.0503943,-0.0006184039,-0.137721,-0.0521603,-0.260276
-0.0822555,-0.0117636598,-0.170826,-0.0838085,-0.264576
-0.0406321,-0.0167807072,-0.132817,-0.04224,-0.259111
-0.0652787,-0.0143355653,-0.155065,-0.0667747,-0.264426
-0.0318399,-0.0161907847,-0.110813,-0.0335626,-0.252189
-0.107325,-0.0078594456,-0.199493,-0.10838,-0.264576
-0.121612,0.0020138988,-0.207884,-0.122673,-0.264576
-0.0740631,0.0035202768,-0.161778,-0.0754699,-0.264576
-0.0642188,0.007772049,-0.149229,-0.0657614,-0.26428
-0.0832272,0.0057949603,-0.172029,-0.0848022,-0.264576
-0.0485871,0.0083200076,-0.142394,-0.0499941,-0.262585
-0.0418985,0.0053669357,-0.130924,-0.0431407,-0.257836
-0.0391929,0.0066298667,-0.134041,-0.0406146,-0.260794
-0.0127523,0.0019010518,-0.113847,-0.0142413,-0.25186
0.022945,0.0075492423,-0.0788838,0.0215486,-0.241518
0.0192683,0.0150620791,-0.0906351,0.0181518,-0.246988
0.00326121,0.0185831524,-0.103143,0.00208005,-0.246646
-0.0252254,0.0147917255,-0.119959,-0.0263629,-0.255576
0.00525811,0.0082197946,-0.0902004,0.00422063,-0.245694
0.0362786,0.0079792213,-0.0666503,0.0354531,-0.238656
-0.0436005,0.0077185781,-0.149999,-0.0441407,-0.264576
-0.0389144,0.0035127167,-0.141727,-0.0394013,-0.261671
-0.0177825,-0.0006668161,-0.122734,-0.0181993,-0.256295
0.017735,-0.0075370477,-0.0958707,0.0173482,-0.251548
-0.0429108,-0.0139263638,-0.158761,-0.0431589,-0.272647
0.108366,-0.0166364972,-0.00462911,0.108231,-0.20859
0.0936322,-0.0147428284,-0.0214202,0.0936881,-0.225868
-0.00786221,-0.0041160476,-0.132841,-0.00750607,-0.286489
-0.0446241,0.0013083554,-0.163583,-0.0440534,-0.284333
-0.0192146,0.0058210557,-0.133706,-0.0185575,-0.26419
0.00528377,0.0073557033,-0.107128,0.00609705,-0.253647
0.0672011,0.0027941179,-0.0505818,0.0682355,-0.235437
0.059512,-0.0074688298,-0.067861,0.0608008,-0.265537
0.0338968,-0.0153736623,-0.0868461,0.0350075,-0.247339
0.00521529,-0.016908019,-0.111469,0.00657657,-0.254759
0.0889054,-0.0136239462,-0.0165552,0.0904426,-0.204978
0.0793873,-0.0063861662,-0.0282285,0.0812576,-0.216534
0.0639736,0.0028814445,-0.0455908,0.0662112,-0.229812
0.0016118,0.0106760482,-0.111035,0.0045124,-0.271669
0.0491081,0.0210075249,-0.0696596,0.0514961,-0.237204
0.0765016,0.0259343156,-0.0354104,0.0793244,-0.218421
0.0705939,0.0310100428,-0.0366362,0.0736729,-0.22634
0.100803,0.0298074017,-0.00394443,0.104559,-0.213279
0.109813,0.0173700366,0.00527722,0.111855,-0.191771
0.176247,0.0048531329,0.076689,0.178691,-0.127903
0.100239,-0.0030990018,-0.00766382,0.103406,-0.214206
0.0792996,-0.0075259613,-0.0305533,0.0827306,-0.227208
0.114233,-0.0109628047,0.00151902,0.118105,-0.211959
0.066896,-0.0129045613,-0.0492865,0.0708428,-0.233787
0.0703783,-0.0074133765,-0.0369297,0.0745374,-0.229886
0.0672665,0.0011264819,-0.0367074,0.0717013,-0.229248
0.0897975,0.0111409071,-0.0221005,0.0946936,-0.223701
0.114267,0.0161095827,0.0101286,0.119953,-0.20203
0.10542,0.016405705,-0.00545233,0.111531,-0.215354
0.103798,0.0101876501,-0.00882596,0.108992,-0.208118
0.0693443,-0.0064240971,-0.0446887,0.0746251,-0.228229
0.0934854,-0.010849263,-0.0206691,0.0981053,-0.208087
0.0485276,-0.0174200719,-0.0605268,0.0543356,-0.224664
0.0359344,-0.0241201849,-0.0665149,0.0423391,-0.232873
0.00606185,-0.0380652052,-0.0916669,0.0127252,-0.244231
0.0058932,-0.0464999758,-0.0792027,0.0130457,-0.238125
0.0737674,-0.0386184785,-0.0135843,0.0815397,-0.203491
0.0501766,-0.022858241,-0.0315672,0.0586287,-0.218221
0.0811142,-0.0069545961,-0.0080601,0.0899132,-0.207064
-0.0210479,0.0038984095,-0.11725,-0.0131095,-0.255158
0.0829433,0.0047609474,-0.00986099,0.0928136,-0.209756
0.0521782,0.0058591793,-0.0607632,0.0605259,-0.228776
0.0477465,0.0129767749,-0.0489794,0.0555801,-0.227892
0.105167,0.0070242161,0.009177,0.114348,-0.201489
0.0765299,0.0123349547,-0.0386387,0.0860481,-0.224777
0.132754,0.0097119683,0.0313132,0.139551,-0.181303
0.0825891,0.0026507916,-0.0210399,0.0917611,-0.245616
0.027679,0.00499951,-0.085649,0.0359126,-0.300074
0.0373833,0.0030900606,-0.0742488,0.0480798,-0.329462
0.0786408,-0.0033324584,-0.0157439,0.0894826,-0.244939
0.10091,0.0034833238,0.0158672,0.114493,-0.228117
0.149089,0.0126647857,0.0577459,0.162629,-0.181587
0.0436607,0.0161537947,-0.0609258,0.0562062,-0.330723
0.0890552,0.0158905001,0.00148827,0.104648,-0.280284
0.117246,0.0074820414,0.0267746,0.132842,-0.239843
-0.00599417,0.0021664882,-0.115458,0.00993773,-0.412793
0.0660936,-0.0015411859,-0.0328927,0.0830114,-0.348669
0.0541294,-0.0072942279,-0.0529615,0.0689534,-0.36099
0.116184,-0.0100064083,0.0114441,0.131368,-0.273798
0.0991039,-0.0050513846,-0.00759518,0.112944,-0.296832
0.147202,0.0055484933,0.0404372,0.159789,-0.213107
0.147479,0.0091258657,0.0410343,0.158591,-0.20519
0.133161,0.0034069567,0.0251459,0.143895,-0.216223
0.105899,0.0038654537,0.00644067,0.118103,-0.239016
0.107039,0.0032123038,0.0175752,0.123293,-0.230938
0.180598,-0.0026554131,0.0912093,0.196036,-0.135329
0.184404,0.0086471639,0.088534,0.198823,-0.148572
0.108782,0.0120508064,0.0194916,0.125234,-0.221161
0.0534143,0.0016549057,-0.0342465,0.0718933,-0.302379
0.119396,-0.0028120033,0.0317378,0.13872,-0.235131
0.128897,-0.0007995538,0.0349085,0.145468,-0.225182
0.0589883,-0.0057814528,-0.0357344,0.0786273,-0.335282
0.11552,-0.0095794478,0.0244112,0.13612,-0.280222
0.101565,-0.006653322,0.0133246,0.12059,-0.292398
0.16367,-0.012561667,0.0790974,0.182829,-0.234251
0.0820434,-0.0124877092,-0.00669304,0.10434,-0.341093
0.0946983,-0.0099384876,-0.00651446,0.115264,-0.344025
0.101524,-0.0106605542,0.0225563,0.123139,-0.277725
0.00131664,-0.0071480666,-0.0997899,0.0261058,-0.425909
0.00732204,-0.0098535867,-0.0870367,0.0306856,-0.429766
0.00500458,-0.0118503496,-0.0816894,0.0282988,-0.413274
0.0146042,-0.0149861203,-0.0756291,0.037912,-0.415059
0.0386079,-0.0081822885,-0.0860683,0.0618513,-0.441677
0.0725203,0.0004663377,0.010828,0.0969748,-0.333551
0.0409388,0.0034787131,-0.0261505,0.0665149,-0.375778
0.0554686,0.006315593,0.00711325,0.0789605,-0.313141
0.0120238,0.0072584189,-0.0333691,0.037668,-0.363197
-0.0953389,0.0073575777,-0.218492,-0.0637297,-0.470582
0.0357466,0.0095999965,0.00793514,0.0619529,-0.323233
0.0162315,0.0033100425,0.00599319,0.0453815,-0.331738
0.0217859,-0.0053307652,0.0115158,0.0515638,-0.330802
0.061656,-0.0070003172,0.0553506,0.0920266,-0.27521
0.0714297,-0.0045668273,0.0668917,0.102022,-0.264817
-0.0184259,-0.0058581029,-0.0560211,0.0117265,-0.41021
0.0141922,-0.0041636231,-0.00261483,0.0449218,-0.370159
0.0188372,-0.0024716492,0.0102604,0.0498109,-0.351197
0.198866,-0.0016159274,0.202782,0.230445,-0.0613462
0.109529,-0.0020360374,0.107753,0.143076,-0.218928
0.0486859,-0.0068613382,0.0419981,0.0827179,-0.33448
0.247867,-0.0109285965,0.251765,0.279537,-0.0151531
0.257076,-0.0082392719,0.257485,0.288454,-0.0142472
0.296763,-0.0016239523,0.295226,0.3279,0.0444652
0.26301,0.0073567263,0.25368,0.292898,-0.0199794
0.346652,0.0179892697,0.340499,0.377715,0.104271
0.254367,0.0131225673,0.254566,0.286965,-0.0173342
0.279927,-0.0004000079,0.279079,0.312514,-0.0018554
0.238737,-0.0051196255,0.242606,0.271745,-0.0517309
0.430909,-0.0036258859,0.435381,0.46233,0.204502
0.466446,-0.0013239516,0.46169,0.498016,0.225461
0.428596,0.0062440367,0.43335,0.462081,0.199917
0.472423,0.0080125338,0.472948,0.505343,0.242887
0.505957,0.0069914058,0.503896,0.536793,0.276114
0.49168,0.0049959277,0.488679,0.523682,0.260832
0.506947,-0.000787546,0.494761,0.539418,0.263186
0.574945,-0.0081003247,0.569542,0.606574,0.340269
0.543085,-0.0089710921,0.540812,0.576234,0.312233
0.515407,0.0003425087,0.507734,0.547379,0.274389
0.556989,0.0063877697,0.5497,0.589407,0.315896
0.565562,0.0079929221,0.566606,0.597375,0.334699
0.590124,0.0038679671,0.590504,0.623196,0.353015
0.701315,0.0035658708,0.696746,0.731061,0.462406
0.701181,0.0096719259,0.686739,0.733408,0.453549
0.707603,0.0081849842,0.699594,0.739649,0.467505
0.7423,-0.0003957166,0.748679,0.772636,0.509559
0.751126,0.0008687799,0.75228,0.780473,0.515088
0.764327,0.0049407301,0.763308,0.794169,0.529856
0.76937,0.0049423926,0.767915,0.799404,0.536839
0.803281,0.0088694614,0.79629,0.827919,0.589858
0.809503,0.0115544121,0.804277,0.838159,0.593918
0.7877,0.0085429853,0.784761,0.818594,0.555991
0.856464,0.0017287011,0.848963,0.87965,0.653573
0.852363,-0.0049851456,0.846259,0.87512,0.652351
0.850437,-0.0072839384,0.846095,0.874255,0.642106
0.889247,-0.0121744627,0.88015,0.907278,0.687589
0.939869,-0.012189771,0.929821,0.957782,0.752629
0.922317,-0.010288961,0.91654,0.939227,0.747236
0.935169,-0.0098373609,0.924882,0.952593,0.752464
0.892197,-0.0071643196,0.886331,0.911766,0.701292
0.906854,0.0045007468,0.899531,0.928345,0.715407
0.890195,0.006072217,0.891583,0.910736,0.715515
0.878033,0.0006849034,0.871344,0.901435,0.675199
0.938576,0.0034841731,0.930762,0.960764,0.744168
0.919437,0.0102014055,0.919988,0.941501,0.74074
0.925351,0.0099209355,0.917603,0.947792,0.725207
0.914703,0.0069468886,0.910558,0.937198,0.723187
0.87127,-0.0026330927,0.878851,0.894333,0.69574
0.931152,-0.008777112,0.926906,0.953512,0.751249
0.950141,-0.0102144038,0.946662,0.974136,0.765229
0.952067,-0.0107126847,0.947708,0.974768,0.778268
0.895678,-0.0117319845,0.892441,0.917511,0.736341
0.901326,-0.0128118169,0.899546,0.927199,0.740121
0.896775,-0.0062449977,0.899471,0.923752,0.725698
0.908743,-6.85665283634468E-005,0.907223,0.935181,0.747283
0.920978,0.0052801322,0.931671,0.95019,0.729072
0.937352,0.0069057954,0.952903,0.967269,0.759186
0.939111,0.0105368567,0.960013,0.970978,0.768624
0.934872,0.0155058048,0.95221,0.966044,0.760674
0.868344,0.0071403259,0.888358,0.89767,0.695251
0.890823,-0.0025662094,0.911441,0.920412,0.72594
0.89701,-0.0042994946,0.921803,0.927574,0.73071
0.863271,0.0010225559,0.901419,0.899763,0.677951
0.847239,0.0124920523,0.893548,0.888182,0.643927
0.916903,0.0319269138,0.952296,0.950435,0.753909
0.92369,0.0531612539,0.965094,0.955621,0.780733
0.932823,0.0798756509,0.976211,0.965563,0.788384
0.891015,0.1140794267,0.939563,0.928483,0.71421
0.861107,0.1487010407,0.918594,0.902523,0.678257
0.824095,0.1902965596,0.88676,0.867921,0.604383
0.886264,0.2367441925,0.943926,0.924242,0.711175
0.870989,0.2845067177,0.927916,0.914841,0.653105
0.890701,0.3377185421,0.949663,0.930885,0.699517
0.876832,0.3875682008,0.935703,0.916755,0.697682
0.886682,0.4448746709,0.937868,0.92118,0.716406
0.843392,0.5192746467,0.912875,0.88365,0.69886
0.856758,0.5934618062,0.919847,0.889184,0.742849
0.81714,0.6739811112,0.890942,0.857032,0.699993
0.846523,0.753718398,0.92794,0.89036,0.71385
0.849586,0.8392793512,0.917558,0.887997,0.713054
0.868618,0.9025246645,0.931468,0.905763,0.698372
0.80481,0.9577960608,0.866131,0.84226,0.64349
0.799093,0.9814404451,0.857192,0.835962,0.642892
0.859129,0.9825043092,0.914052,0.890109,0.69228
0.851514,0.9784897046,0.897298,0.880661,0.64401
0.903067,0.9527012281,0.9401,0.927242,0.753547
0.841664,0.9142694997,0.865897,0.858783,0.75141
0.876862,0.8742506525,0.89118,0.888164,0.808848
0.907523,0.8429689909,0.917728,0.917478,0.848456
0.904962,0.8109739732,0.928956,0.914091,0.870644
0.864847,0.7920997422,0.898813,0.876059,0.844677
0.72475,0.7781808319,0.773014,0.735265,0.719795
0.714879,0.7478151464,0.762918,0.726161,0.704234
0.625588,0.7019044375,0.679338,0.636243,0.605188
0.585827,0.6426280092,0.638795,0.596135,0.545543
0.446527,0.5658574392,0.483416,0.452976,0.390849
0.414121,0.4864536587,0.437945,0.418462,0.337124
0.350151,0.4019124799,0.361492,0.352508,0.254632
0.214639,0.3209489596,0.223495,0.215698,0.0904099
0.113443,0.2193321435,0.119739,0.112627,-0.026914
-0.000480115,0.1350086423,-0.0288353,-0.0020915,-0.183861
-0.264576,0.055286679,-0.288283,-0.264576,-0.390224
-0.373825,-0.0139198942,-0.45734,-0.373401,-0.547855
-0.464021,-0.0506954524,-0.534892,-0.463543,-0.601917
-0.490047,-0.0592252719,-0.560695,-0.489388,-0.626662
-0.576559,-0.0391550345,-0.648723,-0.575008,-0.709853
-0.583203,-0.0173942478,-0.655652,-0.58226,-0.713111
-0.63663,-0.0014130444,-0.708117,-0.635493,-0.766727
-0.585141,0.0035506551,-0.650845,-0.58438,-0.704539
-0.572988,0.0063054991,-0.648217,-0.57173,-0.709499
-0.536324,-0.0081394833,-0.610461,-0.53565,-0.672557
-0.400798,-0.0190081103,-0.487042,-0.400869,-0.5653
-0.522557,-0.0019397974,-0.593859,-0.521685,-0.633462
-0.513026,0.0262360372,-0.590747,-0.512289,-0.631763
-0.510261,0.0206882888,-0.590236,-0.509618,-0.649167
-0.467268,0.0198269442,-0.543717,-0.466603,-0.599234
-0.473486,0.0136310002,-0.547746,-0.472719,-0.600982
-0.458163,0.0044388809,-0.539407,-0.457356,-0.601672
-0.455497,-0.001605626,-0.535883,-0.454658,-0.59382
-0.447124,-0.0102519275,-0.524794,-0.446484,-0.583445
-0.448202,-0.0114566423,-0.527199,-0.447426,-0.585315
-0.424713,-0.0083272129,-0.502625,-0.424478,-0.563034
-0.507303,-0.0023292464,-0.57871,-0.506826,-0.626619
-0.448729,0.0101542899,-0.52417,-0.448259,-0.583967
-0.48094,0.0084324799,-0.55194,-0.480525,-0.611698
-0.594038,0.0069728816,-0.651694,-0.593545,-0.705753
-0.540334,0.0073231599,-0.614828,-0.539885,-0.677015
-0.562371,0.0045914898,-0.626143,-0.562015,-0.686555
-0.546248,0.0015615524,-0.60995,-0.545928,-0.667971
-0.466396,0.0001597085,-0.542287,-0.466228,-0.602519
-0.502023,0.0028625225,-0.579076,-0.501572,-0.64231
-0.495175,0.0061508266,-0.567047,-0.494912,-0.623204
-0.514307,0.0082592627,-0.583227,-0.514044,-0.642124
-0.504746,0.00087611,-0.577557,-0.5044,-0.639201
-0.440776,-0.0101587032,-0.518966,-0.440839,-0.586257
-0.43416,-0.0190079548,-0.511301,-0.434407,-0.575928
-0.518141,-0.0152365352,-0.586655,-0.517966,-0.641214
-0.54363,-0.0104559342,-0.608944,-0.543499,-0.665697
-0.526417,-0.008337262,-0.587047,-0.526244,-0.650007
-0.454088,-0.0075444814,-0.51558,-0.454123,-0.582004
-0.462432,-0.0001542742,-0.528616,-0.462439,-0.594743
-0.490806,0.0060824223,-0.560448,-0.490768,-0.622329
-0.504274,0.0013780417,-0.573992,-0.504246,-0.635567
-0.462385,-0.0031158407,-0.530662,-0.462359,-0.59382
-0.469968,-0.002970298,-0.541743,-0.469939,-0.603441
-0.496058,0.0024825591,-0.568839,-0.496054,-0.630288
-0.504313,0.0049888719,-0.575439,-0.504325,-0.636282
-0.515331,0.0049840077,-0.587489,-0.515337,-0.64849
-0.497321,0.0037490816,-0.571719,-0.497353,-0.629349
-0.491988,0.0044230753,-0.563068,-0.49203,-0.623703
-0.502182,0.0104844065,-0.575417,-0.502265,-0.632761
-0.484681,0.0028365533,-0.556993,-0.484736,-0.615993
-0.513641,-0.0040796662,-0.583826,-0.513707,-0.6355
-0.501096,-0.0032273018,-0.572816,-0.501191,-0.623944
-0.504531,-0.000632404,-0.570725,-0.504607,-0.627621
-0.504756,-0.0067600938,-0.576638,-0.504903,-0.627598
-0.535474,-0.0076784987,-0.599741,-0.535621,-0.646382
-0.510612,-0.0002099737,-0.581993,-0.510809,-0.629717
-0.52755,0.001332098,-0.597643,-0.527806,-0.645737
-0.527338,0.0065935375,-0.598373,-0.527622,-0.650604
-0.501202,0.0007797014,-0.568463,-0.501264,-0.629325
-0.492606,0.0109209061,-0.560894,-0.492847,-0.616437
-0.50196,0.0108438179,-0.572238,-0.50224,-0.627892
-0.533812,0.0111361259,-0.604788,-0.534075,-0.654598
-0.488146,0.0016427019,-0.564595,-0.488432,-0.615533
-0.499039,-0.0075500672,-0.567609,-0.499356,-0.61449
-0.503657,-0.0067254902,-0.570393,-0.504007,-0.616123
-0.520743,-0.0052070577,-0.586096,-0.521096,-0.634953
-0.512391,-0.0034756814,-0.576111,-0.512658,-0.624089
-0.530732,-0.0116976094,-0.589168,-0.531096,-0.63563
-0.540073,-0.0210410506,-0.594056,-0.540465,-0.640039
-0.553341,-0.0215207941,-0.605089,-0.55372,-0.650603
-0.499151,-0.0098907636,-0.562285,-0.499532,-0.608942
-0.548265,-0.0009865128,-0.608347,-0.548813,-0.654129
-0.552209,0.0122751639,-0.604692,-0.552678,-0.648394
-0.575651,0.0357201811,-0.63125,-0.576077,-0.672109
-0.544428,0.0587914308,-0.596898,-0.544838,-0.645422
-0.538695,0.086399822,-0.59307,-0.539248,-0.639042
-0.525709,0.1164518057,-0.578679,-0.526359,-0.623281
-0.519301,0.1623983907,-0.569202,-0.519942,-0.614048
-0.502905,0.215475376,-0.5609,-0.503612,-0.60724
-0.445354,0.2576456535,-0.511468,-0.445851,-0.563525
-0.469692,0.296676213,-0.535227,-0.470173,-0.585233
-0.513431,0.3494884732,-0.573373,-0.51418,-0.622131
-0.497961,0.4108238214,-0.559832,-0.498464,-0.607915
-0.474237,0.482342003,-0.546172,-0.474935,-0.592254
-0.505574,0.5581605871,-0.569857,-0.506201,-0.615704
-0.517556,0.6233060162,-0.587784,-0.518517,-0.632053
-0.540268,0.7034787398,-0.606263,-0.541099,-0.64851
-0.506447,0.8015159866,-0.575152,-0.507365,-0.619941
-0.512652,0.8927509522,-0.579129,-0.513397,-0.62399
-0.526768,0.959728968,-0.589435,-0.527463,-0.634221
-0.50692,0.9985720467,-0.567422,-0.507403,-0.615139
-0.500711,1.0424535624,-0.561273,-0.501064,-0.608769
-0.442442,1.0582618847,-0.513127,-0.442469,-0.559152
-0.431947,1.054440246,-0.501647,-0.431398,-0.548645
-0.512896,1.0427237209,-0.580389,-0.51141,-0.620726
-0.551514,1.0448642371,-0.611348,-0.549643,-0.646402
-0.606871,1.0358183911,-0.659851,-0.603557,-0.693885
-0.672357,1.0446866165,-0.72428,-0.668203,-0.764881
-0.648066,1.0532314158,-0.709384,-0.64036,-0.738003
-0.737698,1.0621239022,-0.810287,-0.730789,-0.852802
-0.743008,1.0621422159,-0.798041,-0.738165,-0.857691
-0.683973,1.0560873244,-0.724837,-0.679175,-0.810798
-0.633367,1.0537669652,-0.653281,-0.626487,-0.767255
-0.595255,1.0489961071,-0.588961,-0.595471,-0.696166
-0.508542,1.0434104401,-0.454464,-0.524671,-0.593487
-0.380101,1.0432067503,-0.321094,-0.408331,-0.457226
-0.160724,1.0433185159,-0.118236,-0.211005,-0.290431
-0.105475,1.0388669554,-0.0430187,-0.159334,-0.258309
-0.116922,1.0340442258,-0.0625953,-0.17775,-0.280803
0.044254,1.0379455677,0.120163,-0.0203274,-0.0939075
0.164603,1.025415815,0.241824,0.0968692,-0.0037773
0.294962,1.014225126,0.363096,0.232686,0.0925777
0.442001,1.0021966673,0.488326,0.376013,0.253013
0.496948,0.9876520182,0.534528,0.445982,0.36866
0.549181,0.9692288263,0.587401,0.506081,0.467905
0.554805,0.9560303975,0.591706,0.510718,0.475846
0.577201,0.918620581,0.605852,0.530039,0.506148
0.586214,0.8677606538,0.618992,0.530263,0.52041
0.614773,0.8080595741,0.638748,0.565267,0.551677
0.650509,0.7544911885,0.683254,0.583993,0.584067
0.614693,0.7035522181,0.636744,0.55675,0.559041
0.607118,0.6376640019,0.620915,0.560702,0.545765
0.626263,0.5928411639,0.63677,0.598423,0.557613
0.680586,0.536754236,0.686602,0.65922,0.610214
0.721573,0.449083059,0.713694,0.697286,0.609604
0.753644,0.3450479103,0.745857,0.735064,0.608453
0.696284,0.2207897579,0.687861,0.678461,0.542814
0.834672,0.1128892542,0.823928,0.833393,0.719449
0.710534,0.0181591944,0.70385,0.703878,0.584163
0.610056,-0.0450471657,0.601729,0.594344,0.454112
0.54744,-0.0780769862,0.535124,0.540259,0.393998
0.496279,-0.0801578418,0.484676,0.492053,0.358701
0.398544,-0.0623390331,0.386017,0.386896,0.235455
0.232343,-0.0524338797,0.225343,0.227796,0.0924805
0.177807,-0.0307647329,0.170414,0.170793,0.0364702
0.23606,-0.0080145006,0.226883,0.227627,0.0943481
0.264454,0.0231149298,0.254427,0.258705,0.116443
0.272755,0.0419724449,0.262722,0.261844,0.127981
0.396944,0.0494788534,0.38332,0.384748,0.244082
0.377652,0.0490296606,0.364588,0.363014,0.22157
0.458664,0.0495758787,0.445399,0.445038,0.30729
0.540527,0.0504932026,0.527634,0.538244,0.404561
0.503622,0.0677021671,0.490747,0.494446,0.366469
0.538467,0.0850926779,0.524478,0.532595,0.394538
0.518531,0.1120817552,0.508678,0.510681,0.389873
0.529947,0.140472877,0.519693,0.530019,0.395888
0.526519,0.1784823865,0.515631,0.52235,0.399467
0.537404,0.2056542755,0.527305,0.534489,0.41614
0.537016,0.2401360046,0.526417,0.534019,0.41824
0.567905,0.2707153006,0.559239,0.563956,0.454915
0.57224,0.3023975758,0.563709,0.566167,0.455063
0.582942,0.3272221933,0.573853,0.57681,0.47136
0.58401,0.3553646607,0.576175,0.580551,0.468761
0.534724,0.3921621538,0.526369,0.526723,0.421009
0.476319,0.4223633828,0.465103,0.465829,0.353209
0.468546,0.4461994587,0.461385,0.459708,0.357123
0.476585,0.468691349,0.465825,0.470281,0.351849
0.462191,0.4971626118,0.453171,0.453519,0.339707
0.440283,0.5121958687,0.430553,0.428632,0.318579
0.36137,0.5106004902,0.352397,0.347692,0.228905
0.395187,0.5029943915,0.386955,0.38328,0.273177
0.321269,0.4885971295,0.316141,0.303682,0.207101
0.367978,0.4529598219,0.361494,0.350758,0.256343
0.300486,0.4086448257,0.295225,0.279591,0.194398
0.269936,0.3357735611,0.263325,0.255345,0.15698
0.278766,0.277149133,0.273596,0.258853,0.170804
0.203062,0.2032107935,0.197834,0.187377,0.10918
0.12076,0.1377874833,0.119064,0.101129,0.0197368
0.142621,0.0853058057,0.1408,0.103728,0.0455688
0.0748605,0.0414544507,0.0739399,0.0360279,-0.026607
-0.0214118,0.0024613076,-0.0220609,-0.0553913,-0.116534
-0.0777661,-0.0136620845,-0.0818429,-0.0941468,-0.188392
-0.158114,-0.0184090314,-0.161305,-0.152038,-0.235068
-0.247047,-0.0307831048,-0.24842,-0.230507,-0.264576
-0.264576,-0.0373092569,-0.264576,-0.264576,-0.275162
-0.264576,-0.0324729415,-0.264576,-0.256365,-0.264576
-0.264576,-0.0397410521,-0.264576,-0.264576,-0.273299
-0.264576,-0.0381452753,-0.264576,-0.264576,-0.293232
-0.27449,-0.0283185283,-0.277096,-0.264576,-0.329113
-0.264576,-0.0222850204,-0.264576,-0.264576,-0.296509
-0.264576,-0.0106864137,-0.264576,-0.264576,-0.288241
-0.264576,0.0106496178,-0.264576,-0.264576,-0.27105
-0.264576,0.0136410358,-0.264576,-0.264576,-0.268163
-0.264576,0.0256757509,-0.264576,-0.264449,-0.264576
-0.2496,0.0213436265,-0.249586,-0.245744,-0.264576
-0.259739,0.0174132757,-0.260409,-0.252806,-0.264576
-0.171626,0.0220077156,-0.169427,-0.184779,-0.228957
-0.187454,0.0230316736,-0.185242,-0.193219,-0.243704
-0.167403,0.0141079497,-0.165282,-0.182048,-0.232965
-0.182559,0.0114928657,-0.180502,-0.196208,-0.236547
-0.170684,0.0056139032,-0.17032,-0.181401,-0.241582
-0.183297,0.0017229725,-0.183346,-0.194806,-0.247753
-0.148582,-0.0048789327,-0.145624,-0.171141,-0.209492
-0.164814,-0.0098274869,-0.162695,-0.184851,-0.224658
-0.249477,0.0063510363,-0.249205,-0.247138,-0.264576
-0.247824,0.0131962797,-0.247296,-0.250505,-0.263399
-0.259314,0.0159956968,-0.257613,-0.262236,-0.264024
-0.226398,0.0145168629,-0.225184,-0.237392,-0.259139
-0.245401,0.0117539613,-0.2445,-0.247438,-0.26453
-0.218883,0.0085807854,-0.218886,-0.226329,-0.257849
-0.246357,-0.0026321414,-0.245684,-0.24645,-0.264576
-0.193977,-0.0127565963,-0.19018,-0.219465,-0.235261
-0.233656,-0.0180048279,-0.23168,-0.243757,-0.257207
-0.207722,-0.0080603503,-0.205735,-0.230179,-0.24649
-0.246835,0.0005756562,-0.244806,-0.254932,-0.260408
-0.245952,0.0005132266,-0.242391,-0.256702,-0.2564
-0.245921,0.0045716507,-0.243011,-0.255541,-0.259301
-0.174259,0.0058110351,-0.172864,-0.198904,-0.2351
-0.145217,0.0093338455,-0.145159,-0.166922,-0.212504
-0.148198,0.0165133914,-0.148113,-0.169281,-0.212694
-0.198708,0.0172753111,-0.198743,-0.214228,-0.250187
-0.234193,0.0140923245,-0.234795,-0.237647,-0.26167
-0.209284,0.0064096938,-0.210601,-0.218338,-0.254546
-0.117089,-0.0027652217,-0.114605,-0.151051,-0.187421
-0.112752,0.0004600867,-0.111632,-0.1392,-0.214546
-0.11861,0.0016669084,-0.117552,-0.148512,-0.206624
-0.21029,0.0014616642,-0.210559,-0.215884,-0.261318
-0.186951,0.0027725103,-0.187673,-0.200081,-0.256098
-0.157858,0.0031215209,-0.157775,-0.17876,-0.244079
-0.208519,0.001543386,-0.207615,-0.218422,-0.264576
-0.168,0.0010969133,-0.165524,-0.190429,-0.240727
-0.19342,-0.0079567931,-0.191203,-0.207624,-0.255632
-0.221102,-0.0098386165,-0.218497,-0.234074,-0.257792
-0.151132,-0.0061756488,-0.148747,-0.181358,-0.22061
-0.219419,0.0014629487,-0.217198,-0.232076,-0.260388
-0.199466,0.0016763684,-0.196881,-0.22528,-0.245436
-0.23421,0.0047611563,-0.230958,-0.250456,-0.260862
-0.201319,0.0063547494,-0.198443,-0.224929,-0.25176
-0.143997,0.0036531237,-0.141796,-0.17183,-0.221318
-0.188599,-0.0056965836,-0.186464,-0.205084,-0.246719
-0.179176,-0.0075153045,-0.178467,-0.196534,-0.243378
-0.210241,-0.008529469,-0.208872,-0.223447,-0.25419
-0.201325,-0.0052754714,-0.199715,-0.213443,-0.254925
-0.110945,0.0054140065,-0.108719,-0.141745,-0.208558
-0.207178,0.0116227577,-0.206775,-0.218505,-0.257919
-0.165174,0.0112184872,-0.164128,-0.185608,-0.235908
-0.166046,0.0132391476,-0.164684,-0.188224,-0.241089
-0.182726,0.0169694733,-0.182002,-0.199019,-0.245853
-0.127716,0.0093759472,-0.125785,-0.153338,-0.221196
-0.116252,-0.0046472848,-0.113672,-0.151267,-0.205704
-0.10876,-0.0173704232,-0.10626,-0.146002,-0.207969
-0.164289,-0.0311113147,-0.161897,-0.189422,-0.236419
-0.133668,-0.0311748808,-0.129463,-0.181496,-0.190394
-0.181443,-0.0203602183,-0.177854,-0.210713,-0.234575
-0.197855,-0.011903066,-0.195189,-0.2263,-0.244136
-0.239819,-0.0041793507,-0.237169,-0.254484,-0.264576
-0.0805968,0.0152274739,-0.0770438,-0.12428,-0.183187
-0.08812,0.0262265558,-0.0846377,-0.130413,-0.200541
-0.130135,0.0214684477,-0.128325,-0.158035,-0.233034
-0.00717264,0.0157392761,-0.00463638,-0.0408747,-0.134826
0.0274109,0.0067118447,0.0286741,-0.0246764,-0.0951273
-0.0138938,0.0039060098,-0.0140297,-0.0491491,-0.143523
0.0164299,0.0017648022,0.0195221,-0.0371171,-0.0757536
0.0623425,0.0003579874,0.0631112,0.0140451,-0.0770988
0.0452579,0.0004039489,0.0463169,0.0120536,-0.0936979
-0.0514377,0.0024289416,-0.0502418,-0.0831214,-0.177433
-0.0315503,0.0010289772,-0.0301994,-0.0718179,-0.164965
-0.0136072,-0.0053007338,-0.0113781,-0.0572169,-0.133853
-0.0554883,-0.0113943312,-0.0511192,-0.0953024,-0.173362
-0.0282416,-0.0138160992,-0.0247678,-0.0750502,-0.131004
-0.0330802,-0.0076048581,-0.0284877,-0.0917854,-0.116706
-0.0744197,0.0035504575,-0.0703965,-0.129962,-0.146787
-0.0735702,0.005815815,-0.0699255,-0.126321,-0.154772
-0.0294051,0.0018556148,-0.0242808,-0.0901437,-0.0990179
-0.0442017,0.0050482623,-0.0399513,-0.104706,-0.112561
-0.0217774,0.0018929288,-0.0202566,-0.0604592,-0.124152
0.0470926,0.000500117,0.0472676,-0.00493303,-0.042655
-0.0225245,-0.0020651274,-0.0205882,-0.0628742,-0.133827
0.0117192,-0.0056879918,0.0127688,-0.0390113,-0.0851741
-0.0625735,-0.0054169233,-0.0611615,-0.0926632,-0.181876
-0.0128819,0.0007283938,-0.0118961,-0.0465582,-0.139204
-0.0900236,0.0063460621,-0.0878407,-0.116531,-0.1944
-0.06426,0.0091483621,-0.0624818,-0.0920429,-0.159809
-0.0950528,0.0056716613,-0.0919497,-0.128815,-0.199897
-0.0305307,0.0087179164,-0.0271389,-0.0696898,-0.162971
-0.0454305,-0.0001490572,-0.044574,-0.0780383,-0.184654
-0.0696015,-0.0079949296,-0.0676868,-0.101059,-0.205808
-0.0815953,-0.0121732871,-0.078974,-0.119773,-0.18989
-0.11791,-0.0106594051,-0.116515,-0.147059,-0.224442
-0.0276416,-0.0063211227,-0.0241174,-0.067376,-0.117636
-0.00255236,-0.0017003992,0.00134349,-0.0528741,-0.0767806
-0.0720022,0.0028702892,-0.0700671,-0.101212,-0.153642
-0.0788937,0.0053513776,-0.0765557,-0.106038,-0.174804
-0.0390277,0.0130721221,-0.0366025,-0.0681909,-0.164441
0.00716978,0.0125234923,0.00876167,-0.03747,-0.107696
-0.0225305,0.0004935111,-0.0202675,-0.064225,-0.147737
0.00485218,-0.006298224,0.00702,-0.0393851,-0.110427
-0.00832307,-0.0075435281,-0.00753725,-0.0451585,-0.131756
0.0017336,-0.0043482936,0.00201279,-0.0371497,-0.101975
-0.0820999,-0.0028201569,-0.0807415,-0.118264,-0.179631
-0.0226192,0.0006300407,-0.0194199,-0.0607828,-0.121086
-0.0269487,-0.0027437919,-0.0230628,-0.0726619,-0.0989878
-0.0329691,-0.0031125234,-0.0307606,-0.0754628,-0.125512
-0.0361642,0.0033021168,-0.0324749,-0.0755738,-0.128114
-0.0103772,-0.0040533761,-0.00790814,-0.0648806,-0.0944109
-0.0256352,-0.0157077889,-0.0226042,-0.0664237,-0.105632
0.0376713,-0.0126863491,0.041146,-0.0247098,-0.0316789
0.0200609,0.0015809412,0.022459,-0.040156,-0.0507216
0.0127942,0.0033222902,0.0161819,-0.0403008,-0.0682032
-0.0764683,0.0061917595,-0.0728944,-0.108666,-0.167853
-0.0271226,0.0148130246,-0.023398,-0.0743435,-0.108549
0.0497735,0.0124623618,0.0511414,-0.00667137,-0.0361792
0.030679,0.004379521,0.0319017,-0.020634,-0.0680359
0.0366373,-0.0044173669,0.0376401,-0.0125196,-0.0679057
0.0279516,-0.0042875759,0.0282669,-0.0179549,-0.071852
-0.0181575,-0.0005972614,-0.0164918,-0.0601956,-0.114279
0.033514,0.0086174316,0.036395,-0.0245264,-0.0457164
0.0531071,0.0266872679,0.0559816,-0.00661138,-0.0167998
0.0260313,0.0564582496,0.028284,-0.0277302,-0.0469799
0.0348479,0.0818839352,0.0378472,-0.0214442,-0.0402237
0.0405784,0.1099107057,0.0427505,-0.0152508,-0.037076
0.0668935,0.1323517464,0.0687641,0.0117193,-0.00811782
0.0376693,0.1502401535,0.0409866,-0.0227631,-0.0371249
-0.0161522,0.1728921657,-0.0142331,-0.0644595,-0.0877123
0.033667,0.1996295515,0.0360961,-0.0248237,-0.0400022
0.0763542,0.2199701228,0.078633,0.0128221,0.000511497
0.0559603,0.2419506866,0.0585751,-0.00352353,-0.016988
0.0132622,0.2612476348,0.0154415,-0.0314306,-0.0540083
